player_name,posicion,equipo,marketValue,pred_var_1d,pred_pct_1d,pred_mv_mañana
L. Milla,30,Getafe Club de Fútbol SAD,120020035,2.3977455e+06,2.0,122417780.5
Fermín,30,Fútbol Club Barcelona,149106845,2.347044e+06,1.57,151453889.0
Dani Olmo,30,Fútbol Club Barcelona,80733523,2.2905925e+06,2.84,83024115.5
Arda Guler,30,Real Madrid Club de Fútbol,113911412,2.0743826e+06,1.82,115985794.625
Oyarzabal,40,Real Sociedad de Fútbol SAD,90771040,1.5216716e+06,1.68,92292711.625
Guedes,30,Real Sociedad de Fútbol SAD,42367751,1.2639346e+06,2.98,43631685.625
Eric García,20,Fútbol Club Barcelona,90580915,1.2547654e+06,1.39,91835680.375
Ez Abde,40,Real Betis Balompié SAD,56322870,1.2179552e+06,2.16,57540825.25
Gerard,40,Villarreal Club de Fútbol SAD,50803128,1.0759709e+06,2.12,51879098.875
Álex Balde,20,Fútbol Club Barcelona,47776184,797696.25,1.67,48573880.25
Budimir,40,Club Atlético Osasuna,28150394,782413.4,2.78,28932807.375
Camavinga,30,Real Madrid Club de Fútbol,33133186,703353.0,2.12,33836539.0
Lewandowski,40,Fútbol Club Barcelona,52624403,700165.9,1.33,53324568.875
Catena,20,Club Atlético Osasuna,36552190,673570.25,1.84,37225760.25
Tchouaméni,30,Real Madrid Club de Fútbol,62947301,657948.0,1.05,63605249.0
Rashford,40,Fútbol Club Barcelona,44004696,654583.3,1.49,44659279.3125
Valverde,30,Real Madrid Club de Fútbol,124095685,645738.8,0.52,124741423.8125
Koundé,20,Fútbol Club Barcelona,41431816,594971.2,1.44,42026787.1875
De Frutos,40,Rayo Vallecano de Madrid SAD,41705639,476400.6,1.14,42182039.59375
Edu Expósito,30,RCD Espanyol de Barcelona,78436380,467731.16,0.6,78904111.15625
Raúl Asencio,20,Real Madrid Club de Fútbol,21367610,442557.94,2.07,21810167.9375
Huijsen,20,Real Madrid Club de Fútbol,62633743,437519.2,0.7,63071262.1875
Marcos Alonso,20,Real Club Celta de Vigo SAD,45597214,427300.53,0.94,46024514.53125
Fornals,30,Real Betis Balompié SAD,131648615,425707.53,0.32,132074322.53125
Joan García,10,Fútbol Club Barcelona,66296643,401835.66,0.61,66698478.65625
Borja Iglesias,40,Real Club Celta de Vigo SAD,21646887,331393.1,1.53,21978280.09375
D. Hancko,20,Club Atlético de Madrid SAD,39915318,322961.12,0.81,40238279.125
Moleiro,30,Villarreal Club de Fútbol SAD,134140534,278472.7,0.21,134419006.6875
N. Pépé,40,Villarreal Club de Fútbol SAD,26187214,249898.64,0.95,26437112.640625
Muriqi,40,Real Club Deportivo Mallorca SAD,50803647,248990.7,0.49,51052637.703125
Arambarri,30,Getafe Club de Fútbol SAD,20856198,241625.72,1.16,21097823.71875
Víctor Muñoz,40,Club Atlético Osasuna,12452346,235241.5,1.89,12687587.5
Pau Cubarsí,20,Fútbol Club Barcelona,45951304,232525.08,0.51,46183829.078125
Ferran,40,Fútbol Club Barcelona,98121559,232370.31,0.24,98353929.3125
Oblak,10,Club Atlético de Madrid SAD,24013498,210030.5,0.87,24223528.5
Vitor Reis,20,Girona Fútbol Club SAD,7404641,194987.11,2.63,7599628.109375
Lamine Yamal,40,Fútbol Club Barcelona,158274278,137039.56,0.09,158411317.5625
Álvaro García,30,Rayo Vallecano de Madrid SAD,17899880,136829.67,0.76,18036709.671875
Sergio Gómez,20,Real Sociedad de Fútbol SAD,6589739,132677.47,2.01,6722416.46875
Rioja,30,Valencia Club de Fútbol SAD,9632939,112147.12,1.16,9745086.1171875
Carlos Soler,30,Real Sociedad de Fútbol SAD,11607750,101019.69,0.87,11708769.6875
Guruzeta,40,Athletic Club,1251370,84170.75,6.73,1335540.75
Brahim,30,Real Madrid Club de Fútbol,2900185,82392.02,2.84,2982577.0234375
A. Danjuma,40,Valencia Club de Fútbol SAD,10892293,81417.92,0.75,10973710.921875
Iñaki Williams,40,Athletic Club,5859208,78923.16,1.35,5938131.15625
De Galarreta,30,Athletic Club,5674042,71453.01,1.26,5745495.0078125
Jon Gorrotxategi,30,Real Sociedad de Fútbol SAD,1646353,66560.71,4.04,1712913.7109375
Nico Serrano,40,Athletic Club,596261,50363.9,8.45,646624.8984375
Marc Bernal,30,Fútbol Club Barcelona,615977,48498.938,7.87,664475.9375
Arnau,20,Girona Fútbol Club SAD,1660832,47494.113,2.86,1708326.11328125
Lemar,30,Girona Fútbol Club SAD,775224,40776.74,5.26,816000.73828125
Daley Blind,20,Girona Fútbol Club SAD,2668048,38719.766,1.45,2706767.765625
Nico Williams,40,Athletic Club,59236548,37995.37,0.06,59274543.37109375
I. Chaira,40,Real Oviedo SAD,818971,36727.496,4.48,855698.49609375
Raúl,40,Club Atlético Osasuna,599417,32208.773,5.37,631625.7734375
Unai Elgezabal,20,Levante Unión Deportiva SAD,596960,32177.096,5.39,629137.095703125
Darder,30,Real Club Deportivo Mallorca SAD,12460642,31779.361,0.26,12492421.361328125
Chimy Ávila,40,Real Betis Balompié SAD,602309,31642.176,5.25,633951.17578125
Kike Salas,20,Sevilla Fútbol Club SAD,861278,31339.691,3.64,892617.69140625
Aleix Febas,30,Elche Club de Fútbol SAD,15533544,29669.938,0.19,15563213.9375
M. Román,30,Real Club Celta de Vigo SAD,806635,28862.324,3.58,835497.32421875
Gueye,30,Villarreal Club de Fútbol SAD,15264295,28395.457,0.19,15292690.45703125
Llorente ,20,Real Betis Balompié SAD,631461,26957.443,4.27,658418.443359375
Oskarsson,40,Real Sociedad de Fútbol SAD,603697,26831.451,4.44,630528.451171875
Héctor Fort,20,Elche Club de Fútbol SAD,758678,25518.688,3.36,784196.6875
Luka Sucic,30,Real Sociedad de Fútbol SAD,648866,25341.074,3.91,674207.07421875
Djené,20,Getafe Club de Fútbol SAD,2951757,24671.787,0.84,2976428.787109375
L. Beltrán,30,Valencia Club de Fútbol SAD,1160332,24228.898,2.09,1184560.8984375
Javi López,20,Real Oviedo SAD,596466,23983.688,4.02,620449.6875
David Jiménez,20,Real Madrid Club de Fútbol,595396,23580.621,3.96,618976.62109375
S. Colombatto,30,Real Oviedo SAD,604997,23261.113,3.84,628258.11328125
Turrientes,30,Real Sociedad de Fútbol SAD,609093,22580.93,3.71,631673.9296875
Robert Navarro,30,Athletic Club,846836,22216.424,2.62,869052.423828125
Marc Pubill,20,Club Atlético de Madrid SAD,11077504,22023.18,0.2,11099527.1796875
Hugo Rincón,20,Girona Fútbol Club SAD,607142,22022.312,3.63,629164.3125
Álvaro,40,Elche Club de Fútbol SAD,3740616,19802.488,0.53,3760418.48828125
David Carmo,20,Real Oviedo SAD,764219,18305.387,2.4,782524.38671875
David Costas,20,Real Oviedo SAD,656210,16190.533,2.47,672400.533203125
Kiko Femenía,20,Getafe Club de Fútbol SAD,757264,14087.95,1.86,771351.9501953125
Iván Martín,30,Girona Fútbol Club SAD,3155538,13752.69,0.44,3169290.6904296875
Olasagasti,30,Levante Unión Deportiva SAD,595769,12452.088,2.09,608221.087890625
André Silva,40,Elche Club de Fútbol SAD,2041958,12436.433,0.61,2054394.4326171875
Valles,10,Real Betis Balompié SAD,2667794,10862.481,0.41,2678656.4814453125
Toni Martínez,40,Deportivo Alavés SAD,1239235,10164.446,0.82,1249399.4462890625
Marc Roca,30,Real Betis Balompié SAD,1656192,9916.242,0.6,1666108.2421875
Rodrigo Mendoza,30,Club Atlético de Madrid SAD,839011,9816.186,1.17,848827.185546875
R. Rodríguez,20,Real Betis Balompié SAD,944626,9730.291,1.03,954356.291015625
Vinicius Jr.,40,Real Madrid Club de Fútbol,118471288,9655.939,0.01,118480943.93945312
Vlachodimos,10,Sevilla Fútbol Club SAD,1602563,8111.1226,0.51,1610674.1225585938
L. Boyé,40,Deportivo Alavés SAD,1086347,7218.31,0.66,1093565.3100585938
Casadó,30,Fútbol Club Barcelona,1096433,6473.961,0.59,1102906.9609375
C. Bakambu,40,Real Betis Balompié SAD,599572,5943.4937,0.99,605515.4936523438
Dimitrievski,10,Valencia Club de Fútbol SAD,600408,5070.544,0.84,605478.5439453125
Alberto Reina,30,Real Oviedo SAD,598212,4682.2886,0.78,602894.2885742188
Nacho Vidal,20,Real Oviedo SAD,601348,4428.1636,0.74,605776.1635742188
Jan Salas,30,Real Club Deportivo Mallorca SAD,471210,4378.3955,0.93,475588.3955078125
Iker Muñoz,30,Club Atlético Osasuna,595992,3894.8103,0.65,599886.8103027344
F. Viñas,40,Real Oviedo SAD,606370,3568.1501,0.59,609938.1501464844
Selton Sánchez,30,Athletic Club,594226,3349.7134,0.56,597575.7133789062
K. Sibo,30,Real Oviedo SAD,597733,3080.6804,0.52,600813.6804199219
Calebe,30,Deportivo Alavés SAD,596191,3023.3005,0.51,599214.3005371094
Antonio S.,30,Real Club Deportivo Mallorca SAD,596191,2927.0935,0.49,599118.0935058594
E. Cömert,20,Valencia Club de Fútbol SAD,596143,2896.8606,0.49,599039.8605957031
Prados,30,Athletic Club,596874,2505.3506,0.42,599379.3505859375
Musso,10,Club Atlético de Madrid SAD,595523,1967.7758,0.33,597490.7757568359
Alejandro Iturbe,10,Elche Club de Fútbol SAD,595254,1967.7758,0.33,597221.7757568359
Montero,10,Deportivo Alavés SAD,595112,1967.7758,0.33,597079.7757568359
Ángel Fortuño,10,RCD Espanyol de Barcelona,595604,1967.7758,0.33,597571.7757568359
Raúl Fernández,10,Deportivo Alavés SAD,595240,1967.7758,0.33,597207.7757568359
A. Martinez,0,Getafe Club de Fútbol SAD,595068,1967.7758,0.33,597035.7757568359
P. Meixus,0,Real Club Celta de Vigo SAD,590992,1967.7758,0.33,592959.7757568359
Lebarbier,0,Real Club Deportivo Mallorca SAD,594476,1967.7758,0.33,596443.7757568359
R. Arroyo,0,Real Club Celta de Vigo SAD,592072,1967.7758,0.33,594039.7757568359
Barry,0,Fútbol Club Barcelona,594865,1967.7758,0.33,596832.7757568359
Sierra,0,Fútbol Club Barcelona,594865,1967.7758,0.33,596832.7757568359
Costa,0,Villarreal Club de Fútbol SAD,596562,1967.7758,0.33,598529.7757568359
Félix,0,Fútbol Club Barcelona,596178,1967.7758,0.33,598145.7757568359
M. Narváez,10,Real Oviedo SAD,596053,1967.7758,0.33,598020.7757568359
Adrián,10,Real Betis Balompié SAD,595623,1967.7758,0.33,597590.7757568359
Pol Tristán,10,RCD Espanyol de Barcelona,594905,1967.7758,0.33,596872.7757568359
Kambwala,0,Villarreal Club de Fútbol SAD,599942,1967.7758,0.33,601909.7757568359
Primo,10,Levante Unión Deportiva SAD,597746,1967.7758,0.33,599713.7757568359
Padilla,10,Athletic Club,596658,1967.7758,0.33,598625.7757568359
Roson,0,Real Club Deportivo Mallorca SAD,590992,1967.7758,0.33,592959.7757568359
Marc Vidal,0,Real Sociedad de Fútbol SAD,595482,1967.7758,0.33,597449.7757568359
Yassin T.,0,Girona Fútbol Club SAD,590992,1967.7758,0.33,592959.7757568359
Nil,10,Real Club Deportivo Mallorca SAD,589357,1967.7758,0.33,591324.7757568359
Álvaro García,0,Deportivo Alavés SAD,590992,1967.7758,0.33,592959.7757568359
Bladi,0,Club Atlético de Madrid SAD,595412,1967.7758,0.33,597379.7757568359
Kochen,10,Fútbol Club Barcelona,596434,1967.7758,0.33,598401.7757568359
Taufik Seidu,0,Club Atlético de Madrid SAD,595172,1967.7758,0.33,597139.7757568359
Andreev,10,Girona Fútbol Club SAD,596631,1967.7758,0.33,598598.7757568359
Cuéllar,10,Real Club Deportivo Mallorca SAD,595474,1967.7758,0.33,597441.7757568359
Fran González,10,Real Madrid Club de Fútbol,595116,1967.7758,0.33,597083.7757568359
Moldovan,10,Real Oviedo SAD,596207,1967.7758,0.33,598174.7757568359
Ibon Sánchez,0,Deportivo Alavés SAD,594593,1967.7758,0.33,596560.7757568359
Iván Villar,10,Real Club Celta de Vigo SAD,595842,1967.7758,0.33,597809.7757568359
Cristian Rivero,10,Valencia Club de Fútbol SAD,595272,1967.7758,0.33,597239.7757568359
Marc Jurado,0,,592223,1967.7758,0.33,594190.7757568359
Óscar Marcos,0,Real Club Celta de Vigo SAD,595303,1967.7758,0.33,597270.7757568359
Pedroarena,0,Deportivo Alavés SAD,594593,1967.7758,0.33,596560.7757568359
Sarasa,0,Athletic Club,595781,1967.7758,0.33,597748.7757568359
Adrián,0,Deportivo Alavés SAD,594593,1967.7758,0.33,596560.7757568359
Alex Marchal,0,Valencia Club de Fútbol SAD,592223,1967.7758,0.33,594190.7757568359
Aitor Fdez.,10,Club Atlético Osasuna,596082,1967.7758,0.33,598049.7757568359
Nordin Al-Lal,0,Getafe Club de Fútbol SAD,590992,1967.7758,0.33,592959.7757568359
Esquivel,10,Club Atlético de Madrid SAD,594990,1967.7758,0.33,596957.7757568359
Fortea,0,Real Madrid Club de Fútbol,595309,1967.7758,0.33,597276.7757568359
J. Benito,0,Getafe Club de Fútbol SAD,595386,1967.7758,0.33,597353.7757568359
Lunin,10,Real Madrid Club de Fútbol,598782,1967.7758,0.33,600749.7757568359
Mestre,10,Real Madrid Club de Fútbol,595143,1967.7758,0.33,597110.7757568359
Krapyvtsov,10,Girona Fútbol Club SAD,595165,1967.7758,0.33,597132.7757568359
Letacek,10,Getafe Club de Fútbol SAD,595379,1967.7758,0.33,597346.7757568359
Mumin,0,Rayo Vallecano de Madrid SAD,595683,1967.7758,0.33,597650.7757568359
Cárdenas,10,Rayo Vallecano de Madrid SAD,595266,1967.7758,0.33,597233.7757568359
Javi Navarro,0,Real Club Deportivo Mallorca SAD,594865,1967.7758,0.33,596832.7757568359
Juanpe Gil,10,Rayo Vallecano de Madrid SAD,594997,1967.7758,0.33,596964.7757568359
Alberto Flores,10,Sevilla Fútbol Club SAD,595189,1967.7758,0.33,597156.7757568359
Ferrer,10,Getafe Club de Fútbol SAD,595386,1967.7758,0.33,597353.7757568359
Fraga,10,Real Sociedad de Fútbol SAD,600205,1967.7758,0.33,602172.7757568359
David López,20,Real Club Deportivo Mallorca SAD,595427,1753.2794,0.29,597180.2794189453
Pablo Campos,10,Levante Unión Deportiva SAD,601855,1713.6508,0.28,603568.6507568359
L. Bergström,10,Real Club Deportivo Mallorca SAD,601310,1387.238,0.23,602697.2380371094
A. Januzaj,30,Sevilla Fútbol Club SAD,599662,1337.0992,0.22,600999.0992431641
Ratiu,20,Rayo Vallecano de Madrid SAD,31982543,1234.526,0.0,31983777.526000977
Oso,20,Sevilla Fútbol Club SAD,598858,965.429,0.16,599823.4290161133
Gudelj,30,Sevilla Fútbol Club SAD,651139,878.95953,0.13,652017.9595336914
Ejuke,40,Sevilla Fútbol Club SAD,622975,259.45392,0.04,623234.453918457
Mascarell,30,Real Club Deportivo Mallorca SAD,615902,233.73651,0.04,616135.7365112305
G. Diangana,40,Elche Club de Fútbol SAD,605000,233.73651,0.04,605233.7365112305
Gorosabel,20,Athletic Club,601362,210.0647,0.03,601572.0646972656
Rahim,20,Real Oviedo SAD,598188,137.77689,0.02,598325.7768859863
L. Pétrot,20,Elche Club de Fútbol SAD,595842,137.77689,0.02,595979.7768859863
Facundo Garcés,20,Deportivo Alavés SAD,715812,137.77689,0.02,715949.7768859863
Víctor García,20,Levante Unión Deportiva SAD,596027,137.77689,0.02,596164.7768859863
Odriozola,20,Real Sociedad de Fútbol SAD,596354,72.6796,0.01,596426.6796035767
Luiz Felipe,20,Rayo Vallecano de Madrid SAD,606668,15.052296,0.0,606683.0522956848
Herrera,30,Real Sociedad de Fútbol SAD,617510,15.052296,0.0,617525.0522956848
Maroan,40,Athletic Club,614087,15.052296,0.0,614102.0522956848
Juanmi,40,Getafe Club de Fútbol SAD,606576,15.052296,0.0,606591.0522956848
A. Kamara,40,Getafe Club de Fútbol SAD,603664,15.052296,0.0,603679.0522956848
David López,20,Girona Fútbol Club SAD,607128,15.052296,0.0,607143.0522956848
Arnau Tenas,10,Villarreal Club de Fútbol SAD,608879,15.052296,0.0,608894.0522956848
Nteka,40,Rayo Vallecano de Madrid SAD,596321,-80.90714,-0.01,596240.0928573608
Camello,40,Rayo Vallecano de Madrid SAD,598212,-80.90714,-0.01,598131.0928573608
Papa,30,Girona Fútbol Club SAD,594969,-80.90714,-0.01,594888.0928573608
L. Pinillos,30,Deportivo Alavés SAD,594990,-80.90714,-0.01,594909.0928573608
Alex Costa,40,Sevilla Fútbol Club SAD,595254,-80.90714,-0.01,595173.0928573608
Jordán,30,Sevilla Fútbol Club SAD,596710,-80.90714,-0.01,596629.0928573608
Folgado,10,Real Sociedad de Fútbol SAD,595415,-80.90714,-0.01,595334.0928573608
Stamatakis,10,Club Atlético Osasuna,594970,-80.90714,-0.01,594889.0928573608
Abel Ruiz,40,Girona Fútbol Club SAD,596504,-80.90714,-0.01,596423.0928573608
Van de Beek,30,Girona Fútbol Club SAD,597182,-80.90714,-0.01,597101.0928573608
D. Pérez,30,Real Betis Balompié SAD,595251,-80.90714,-0.01,595170.0928573608
Carlos Domínguez,20,Real Club Celta de Vigo SAD,596106,-80.90714,-0.01,596025.0928573608
Mauro,30,Club Atlético Osasuna,595089,-80.90714,-0.01,595008.0928573608
Ángel Ortiz,20,Real Betis Balompié SAD,597388,-80.90714,-0.01,597307.0928573608
Nacho Perez,20,Levante Unión Deportiva SAD,595115,-80.90714,-0.01,595034.0928573608
Joan Ruiz,30,Levante Unión Deportiva SAD,595235,-80.90714,-0.01,595154.0928573608
Vilaplana,20,Getafe Club de Fútbol SAD,595115,-80.90714,-0.01,595034.0928573608
Iván,30,Real Betis Balompié SAD,595115,-80.90714,-0.01,595034.0928573608
Jon De Luis,20,Athletic Club,595115,-80.90714,-0.01,595034.0928573608
Gibi,20,Girona Fútbol Club SAD,594969,-80.90714,-0.01,594888.0928573608
Ristić,20,Real Club Celta de Vigo SAD,595112,-80.90714,-0.01,595031.0928573608
Albert,20,Elche Club de Fútbol SAD,595419,-80.90714,-0.01,595338.0928573608
R. Chasco,20,Club Atlético Osasuna,594970,-80.90714,-0.01,594889.0928573608
Yago,30,Elche Club de Fútbol SAD,595204,-80.90714,-0.01,595123.0928573608
Kike Barja,40,Club Atlético Osasuna,595808,-80.90714,-0.01,595727.0928573608
Carlos Martín,30,Rayo Vallecano de Madrid SAD,595726,-80.90714,-0.01,595645.0928573608
De Las Sias,20,Rayo Vallecano de Madrid SAD,595115,-80.90714,-0.01,595034.0928573608
Adrián Molina,10,Rayo Vallecano de Madrid SAD,595001,-80.90714,-0.01,594920.0928573608
Cheli,30,Real Oviedo SAD,594969,-80.90714,-0.01,594888.0928573608
Javi Muñoz,30,Getafe Club de Fútbol SAD,598815,-80.90714,-0.01,598734.0928573608
Aimar Blázquez,40,Valencia Club de Fútbol SAD,595078,-80.90714,-0.01,594997.0928573608
Miguel Sierra,40,Sevilla Fútbol Club SAD,595189,-80.90714,-0.01,595108.0928573608
Salhi,20,Real Club Deportivo Mallorca SAD,595084,-80.90714,-0.01,595003.0928573608
Edu Altozano,30,Sevilla Fútbol Club SAD,595115,-80.90714,-0.01,595034.0928573608
Swiderski,10,Deportivo Alavés SAD,594969,-80.90714,-0.01,594888.0928573608
Xavi Espart,20,Fútbol Club Barcelona,595491,-80.90714,-0.01,595410.0928573608
David Delgado,20,Elche Club de Fútbol SAD,594865,-80.90714,-0.01,594784.0928573608
Benito,40,Club Atlético Osasuna,595722,-80.90714,-0.01,595641.0928573608
Aguado,20,Real Madrid Club de Fútbol,595376,-80.90714,-0.01,595295.0928573608
Antoniu Roca,30,RCD Espanyol de Barcelona,594982,-80.90714,-0.01,594901.0928573608
A. Nyom,20,Getafe Club de Fútbol SAD,596850,-80.90714,-0.01,596769.0928573608
Diaby,20,Elche Club de Fútbol SAD,595338,-80.90714,-0.01,595257.0928573608
Ramón Martínez,20,Sevilla Fútbol Club SAD,594954,-80.90714,-0.01,594873.0928573608
Yoel Lago,20,Real Club Celta de Vigo SAD,595228,-80.90714,-0.01,595147.0928573608
José José Salinas,20,RCD Espanyol de Barcelona,595947,-80.90714,-0.01,595866.0928573608
Pablo Agudín,40,Real Oviedo SAD,589357,-80.90714,-0.01,589276.0928573608
Morcillo,40,Deportivo Alavés SAD,595386,-80.90714,-0.01,595305.0928573608
Beitia,20,Real Sociedad de Fútbol SAD,594088,-80.90714,-0.01,594007.0928573608
Olaizola,20,Real Club Deportivo Mallorca SAD,594865,-80.90714,-0.01,594784.0928573608
Íñigo Arguibide,20,Club Atlético Osasuna,593146,-80.90714,-0.01,593065.0928573608
Juan Hernández,30,Fútbol Club Barcelona,595491,-80.90714,-0.01,595410.0928573608
Martin Krug,20,Levante Unión Deportiva SAD,595115,-80.90714,-0.01,595034.0928573608
Davinchi,20,Getafe Club de Fútbol SAD,600712,-80.90714,-0.01,600631.0928573608
Thiago Pitarch,30,Real Madrid Club de Fútbol,595290,-80.90714,-0.01,595209.0928573608
Jano,30,Club Atlético de Madrid SAD,595001,-80.90714,-0.01,594920.0928573608
J. Ives Valou,20,Villarreal Club de Fútbol SAD,594990,-80.90714,-0.01,594909.0928573608
Mykyta,40,Getafe Club de Fútbol SAD,595781,-80.90714,-0.01,595700.0928573608
Lass,30,Girona Fútbol Club SAD,596178,-80.90714,-0.01,596097.0928573608
Eder Aller,10,Fútbol Club Barcelona,595781,-80.90714,-0.01,595700.0928573608
F. Redondo,30,Elche Club de Fútbol SAD,599137,-80.90714,-0.01,599056.0928573608
Javi Serrano,30,Club Atlético de Madrid SAD,595754,-80.90714,-0.01,595673.0928573608
Toni Fernández,40,Fútbol Club Barcelona,595162,-80.90714,-0.01,595081.0928573608
Guille Fernández,30,Fútbol Club Barcelona,595170,-80.90714,-0.01,595089.0928573608
Jofre,20,Fútbol Club Barcelona,595272,-80.90714,-0.01,595191.0928573608
Marrero,10,Real Sociedad de Fútbol SAD,595220,-80.90714,-0.01,595139.0928573608
Aritz,20,Real Sociedad de Fútbol SAD,596617,-80.90714,-0.01,596536.0928573608
Conde,10,Villarreal Club de Fútbol SAD,600093,-80.90714,-0.01,600012.0928573608
Zakharyan,30,Real Sociedad de Fútbol SAD,597801,-80.90714,-0.01,597720.0928573608
Cayetano,10,Levante Unión Deportiva SAD,594990,-80.90714,-0.01,594909.0928573608
Carlos Espí,40,Levante Unión Deportiva SAD,595502,-80.90714,-0.01,595421.0928573608
Paco Cortes,40,Levante Unión Deportiva SAD,595416,-80.90714,-0.01,595335.0928573608
Joselu,40,Getafe Club de Fútbol SAD,595077,-80.90714,-0.01,594996.0928573608
Risco,30,Getafe Club de Fútbol SAD,595161,-80.90714,-0.01,595080.0928573608
Isma,20,Getafe Club de Fútbol SAD,596206,-80.90714,-0.01,596125.0928573608
Nianzou,20,Sevilla Fútbol Club SAD,595996,-80.90714,-0.01,595915.0928573608
Kumbulla,20,Real Club Deportivo Mallorca SAD,598733,-80.90714,-0.01,598652.0928573608
Rubo,20,Valencia Club de Fútbol SAD,595077,-80.90714,-0.01,594996.0928573608
Otorbi,40,Valencia Club de Fútbol SAD,595161,-80.90714,-0.01,595080.0928573608
Rubén,10,Villarreal Club de Fútbol SAD,594990,-80.90714,-0.01,594909.0928573608
Pau Navarro,20,Villarreal Club de Fútbol SAD,596504,-80.90714,-0.01,596423.0928573608
Cabanes,40,Villarreal Club de Fútbol SAD,595161,-80.90714,-0.01,595080.0928573608
Toni Lato,20,Real Club Deportivo Mallorca SAD,595589,-80.90714,-0.01,595508.0928573608
Abdón,40,Real Club Deportivo Mallorca SAD,596019,-80.90714,-0.01,595938.0928573608
Lamine Gueye,40,Real Oviedo SAD,595246,-80.90714,-0.01,595165.0928573608
Manu Bueno,30,Sevilla Fútbol Club SAD,595416,-80.90714,-0.01,595335.0928573608
Cervi,40,Real Club Celta de Vigo SAD,595765,-80.90714,-0.01,595684.0928573608
Marco Esteban,20,Real Oviedo SAD,595333,-80.90714,-0.01,595252.0928573608
Ovie Ejaria,40,Real Oviedo SAD,595246,-80.90714,-0.01,595165.0928573608
Omar Falah,20,Real Oviedo SAD,595416,-80.90714,-0.01,595335.0928573608
Samu Becerra,30,Rayo Vallecano de Madrid SAD,595077,-80.90714,-0.01,594996.0928573608
Jozhua Vertrouwd,20,Rayo Vallecano de Madrid SAD,595723,-80.90714,-0.01,595642.0928573608
Rafa Romero,10,Sevilla Fútbol Club SAD,594990,-80.90714,-0.01,594909.0928573608
Arnau,20,Girona Fútbol Club SAD,590992,-80.90714,-0.01,590911.0928573608
Salguero,20,Girona Fútbol Club SAD,590992,-80.90714,-0.01,590911.0928573608
Huseini,20,Levante Unión Deportiva SAD,590992,-80.90714,-0.01,590911.0928573608
Balliu,20,Rayo Vallecano de Madrid SAD,597746,-80.90714,-0.01,597665.0928573608
Trejo,30,Rayo Vallecano de Madrid SAD,598350,-80.90714,-0.01,598269.0928573608
Juan Carlos,10,Girona Fútbol Club SAD,596256,-80.90714,-0.01,596175.0928573608
Alberto Flores,40,Real Oviedo SAD,595263,-80.90714,-0.01,595182.0928573608
Ilic,30,Real Oviedo SAD,598010,-80.90714,-0.01,597929.0928573608
Karrikaburu,40,Real Sociedad de Fútbol SAD,596321,-80.90714,-0.01,596240.0928573608
Manu G.,10,Real Betis Balompié SAD,594961,-80.90714,-0.01,594880.0928573608
Lucas Núñez,30,Valencia Club de Fútbol SAD,594961,-80.90714,-0.01,594880.0928573608
Hugo Lopez,30,Villarreal Club de Fútbol SAD,594961,-80.90714,-0.01,594880.0928573608
M. Santos,10,Athletic Club,595412,-80.90714,-0.01,595331.0928573608
Robert Navarro,20,Valencia Club de Fútbol SAD,594961,-80.90714,-0.01,594880.0928573608
Germán,10,Real Betis Balompié SAD,595415,-80.90714,-0.01,595334.0928573608
Urko Izeta,40,Athletic Club,596374,-80.90714,-0.01,596293.0928573608
Kostis,20,Club Atlético de Madrid SAD,595181,-80.90714,-0.01,595100.0928573608
Monreal,20,Athletic Club,594988,-80.90714,-0.01,594907.0928573608
Ballestero,20,Deportivo Alavés SAD,594988,-80.90714,-0.01,594907.0928573608
Rayane,40,Club Atlético de Madrid SAD,595585,-80.90714,-0.01,595504.0928573608
Egoitz M.l.,20,Deportivo Alavés SAD,590992,-80.90714,-0.01,590911.0928573608
Lucas Laso,20,Getafe Club de Fútbol SAD,590992,-80.90714,-0.01,590911.0928573608
H. González,30,Real Club Celta de Vigo SAD,590992,-80.90714,-0.01,590911.0928573608
Portu,40,Girona Fútbol Club SAD,596950,-80.90714,-0.01,596869.0928573608
Adama,20,Athletic Club,595412,-80.90714,-0.01,595331.0928573608
Miguel Rubio,20,RCD Espanyol de Barcelona,598698,-80.90714,-0.01,598617.0928573608
Aidoo,20,Real Club Celta de Vigo SAD,597048,-80.90714,-0.01,596967.0928573608
Gumbau,30,Rayo Vallecano de Madrid SAD,596754,-80.90714,-0.01,596673.0928573608
Javi Llabrés,40,Real Club Deportivo Mallorca SAD,595386,-80.90714,-0.01,595305.0928573608
Lekue,20,Athletic Club,598767,-80.90714,-0.01,598686.0928573608
Panach,20,Valencia Club de Fútbol SAD,589357,-80.90714,-0.01,589276.0928573608
Vesga,30,Athletic Club,596402,-80.90714,-0.01,596321.0928573608
Marín,30,Real Sociedad de Fútbol SAD,602774,-116.34814,-0.02,602657.6518630981
Mateu Morey,20,Real Club Deportivo Mallorca SAD,598783,-253.73325,-0.04,598529.2667541504
Víctor Chust,20,Elche Club de Fútbol SAD,598894,-253.73325,-0.04,598640.2667541504
Alemão,40,Rayo Vallecano de Madrid SAD,614595,-311.36038,-0.05,614283.6396179199
Sow,30,Sevilla Fútbol Club SAD,606481,-311.36038,-0.05,606169.6396179199
Pablo García,40,Real Betis Balompié SAD,604282,-311.36038,-0.05,603970.6396179199
Juan Cruz,20,Club Atlético Osasuna,614426,-311.36038,-0.05,614114.6396179199
Santi Cazorla,30,Real Oviedo SAD,607362,-311.36038,-0.05,607050.6396179199
Joel Roca,40,Girona Fútbol Club SAD,603446,-311.36038,-0.05,603134.6396179199
Fran Pérez,30,Rayo Vallecano de Madrid SAD,607604,-311.36038,-0.05,607292.6396179199
Jesús Vázquez,20,Valencia Club de Fútbol SAD,607450,-311.36038,-0.05,607138.6396179199
Pablo Durán,40,Real Club Celta de Vigo SAD,603963,-311.36038,-0.05,603651.6396179199
José Luis Morales,40,Levante Unión Deportiva SAD,611028,-311.36038,-0.05,610716.6396179199
Morlanes,30,Real Club Deportivo Mallorca SAD,604022,-311.36038,-0.05,603710.6396179199
Alaba,20,Real Madrid Club de Fútbol,601658,-335.0322,-0.06,601322.9678039551
Mendy,20,Real Madrid Club de Fútbol,602123,-335.0322,-0.06,601787.9678039551
Mariano,40,Deportivo Alavés SAD,601127,-335.0322,-0.06,600791.9678039551
Cardoso,20,Sevilla Fútbol Club SAD,602051,-335.0322,-0.06,601715.9678039551
Rebbach,40,Deportivo Alavés SAD,595748,-407.32004,-0.07,595340.6799621582
Víctor Parada,20,Deportivo Alavés SAD,595972,-407.32004,-0.07,595564.6799621582
Josan,30,Elche Club de Fútbol SAD,596456,-407.32004,-0.07,596048.6799621582
Lucas,20,Real Oviedo SAD,596335,-407.32004,-0.07,595927.6799621582
Aihen,20,Real Sociedad de Fútbol SAD,597480,-407.32004,-0.07,597072.6799621582
Espino,20,Rayo Vallecano de Madrid SAD,596603,-407.32004,-0.07,596195.6799621582
T. Asano,40,Real Club Deportivo Mallorca SAD,597372,-407.32004,-0.07,596964.6799621582
Unai Vencedor,30,Levante Unión Deportiva SAD,596098,-407.32004,-0.07,595690.6799621582
Unai Gómez,30,Athletic Club,595942,-407.32004,-0.07,595534.6799621582
Stuani,40,Girona Fútbol Club SAD,599307,-407.32004,-0.07,598899.6799621582
Oriol Rey,30,Levante Unión Deportiva SAD,598700,-407.32004,-0.07,598292.6799621582
Álex Sancris,40,Getafe Club de Fútbol SAD,599003,-407.32004,-0.07,598595.6799621582
Jonh Donald,20,Elche Club de Fútbol SAD,595683,-407.32004,-0.07,595275.6799621582
Charles Pickel,30,RCD Espanyol de Barcelona,598071,-407.32004,-0.07,597663.6799621582
Rubén,30,RCD Espanyol de Barcelona,596388,-407.32004,-0.07,595980.6799621582
Manu Fernández,20,Real Club Celta de Vigo SAD,598911,-407.32004,-0.07,598503.6799621582
Rego,20,Athletic Club,595677,-407.32004,-0.07,595269.6799621582
Guevara,30,Deportivo Alavés SAD,597556,-407.32004,-0.07,597148.6799621582
Pedrosa,20,Elche Club de Fútbol SAD,596417,-407.32004,-0.07,596009.6799621582
Andrés Castrín,20,Sevilla Fútbol Club SAD,600531,-407.32004,-0.07,600123.6799621582
Youssef,20,Deportivo Alavés SAD,595576,-407.32004,-0.07,595168.6799621582
Alejandro Francés,20,Girona Fútbol Club SAD,596189,-407.32004,-0.07,595781.6799621582
Dani Calvo,20,Real Oviedo SAD,600097,-407.32004,-0.07,599689.6799621582
Marcão,20,Sevilla Fútbol Club SAD,601814,-507.85825,-0.08,601306.1417541504
R. Brugué,40,Levante Unión Deportiva SAD,603073,-507.85825,-0.08,602565.1417541504
Guridi,30,Deportivo Alavés SAD,601214,-661.44507,-0.11,600552.5549316406
Torró,30,Club Atlético Osasuna,696067,-853.85516,-0.12,695213.1448364258
Kike García,40,RCD Espanyol de Barcelona,630072,-951.6207,-0.15,629120.3792724609
L. Ramazani,40,Valencia Club de Fútbol SAD,615561,-999.6121,-0.16,614561.387878418
Asier Osambela,30,Club Atlético Osasuna,594886,-1095.5717,-0.18,593790.4283447266
Adam Boayar,30,Elche Club de Fútbol SAD,595412,-1095.5717,-0.18,594316.4283447266
Bailly,20,Real Oviedo SAD,597689,-1095.5717,-0.18,596593.4283447266
Protesoni,30,Deportivo Alavés SAD,596871,-1095.5717,-0.18,595775.4283447266
Pampin,30,Levante Unión Deportiva SAD,595246,-1095.5717,-0.18,594150.4283447266
Urko,30,RCD Espanyol de Barcelona,646959,-1106.0161,-0.17,645852.9838867188
Fran García,20,Real Madrid Club de Fútbol,621714,-1143.7455,-0.18,620570.2545166016
Nyland,10,Sevilla Fútbol Club SAD,620607,-1143.7455,-0.18,619463.2545166016
Jon Pacheco,20,Deportivo Alavés SAD,619720,-1288.1063,-0.21,618431.8936767578
Christensen,20,Fútbol Club Barcelona,644462,-1324.7001,-0.21,643137.2999267578
Terrats,30,RCD Espanyol de Barcelona,611460,-1326.0248,-0.22,610133.9752197266
Herrando,20,Club Atlético Osasuna,605973,-1326.0248,-0.22,604646.9752197266
Pedro Díaz,30,Rayo Vallecano de Madrid SAD,603468,-1326.0248,-0.22,602141.9752197266
Hugo Alvarez,30,Real Club Celta de Vigo SAD,622782,-1343.131,-0.22,621438.8690185547
Iker Losada,40,Levante Unión Deportiva SAD,597252,-1421.9845,-0.24,595830.0155029297
Jofre,40,RCD Espanyol de Barcelona,596333,-1421.9845,-0.24,594911.0155029297
Abdellaoui,40,Real Club Celta de Vigo SAD,596224,-1421.9845,-0.24,594802.0155029297
Kevin Arriaga,30,Levante Unión Deportiva SAD,626398,-1496.7177,-0.24,624901.2823486328
Javi Galán,20,Club Atlético Osasuna,2894033,-1523.5546,-0.05,2892509.4454345703
Peque,40,Sevilla Fútbol Club SAD,598223,-1594.8579,-0.27,596628.1420898438
Pablo Martínez,30,Levante Unión Deportiva SAD,677919,-1598.0891,-0.24,676320.9108886719
Caleta-Car,20,Real Sociedad de Fútbol SAD,653381,-1614.7562,-0.25,651766.2437744141
T. Oluwaseyi,40,Villarreal Club de Fútbol SAD,638876,-1651.1129,-0.26,637224.8870849609
Alfon,40,Villarreal Club de Fútbol SAD,638904,-1651.1129,-0.26,637252.8870849609
Pol Lozano,30,RCD Espanyol de Barcelona,640060,-1651.1129,-0.26,638408.8870849609
Ceballos,30,Real Madrid Club de Fútbol,633007,-1651.1129,-0.26,631355.8870849609
M. Moreno,20,Levante Unión Deportiva SAD,635631,-1651.1129,-0.26,633979.8870849609
Denis Suárez,30,Deportivo Alavés SAD,602656,-1676.1095,-0.28,600979.8905029297
Thierry Correia,20,Valencia Club de Fútbol SAD,601770,-1676.1095,-0.28,600093.8905029297
Filip Ugrinic,30,Valencia Club de Fútbol SAD,683024,-1927.4072,-0.28,681096.5927734375
Akhomach,40,Rayo Vallecano de Madrid SAD,653907,-2190.0854,-0.33,651716.9145507812
Fran Beltrán,30,Girona Fútbol Club SAD,626666,-2511.3818,-0.4,624154.6181640625
Mario Martín,30,Getafe Club de Fútbol SAD,637180,-2665.7773,-0.42,634514.22265625
Nelson Deossa,30,Real Betis Balompié SAD,640098,-2665.7773,-0.42,637432.22265625
Manu Sánchez,20,Levante Unión Deportiva SAD,669729,-2829.1492,-0.42,666899.8508300781
Foulquier,20,Valencia Club de Fútbol SAD,661230,-2829.1492,-0.43,658400.8508300781
Diakhaby,20,Valencia Club de Fútbol SAD,663570,-2829.1492,-0.43,660740.8508300781
Juan Iglesias,20,Getafe Club de Fútbol SAD,814812,-2941.4622,-0.36,811870.5378417969
Sadiq,40,Valencia Club de Fútbol SAD,661006,-3047.8333,-0.46,657958.1667480469
Gavi,30,Fútbol Club Barcelona,668122,-3047.8333,-0.46,665074.1667480469
B. Santamaría,30,Valencia Club de Fútbol SAD,652128,-3061.5952,-0.47,649066.4047851562
Copete,20,Valencia Club de Fútbol SAD,703955,-3089.3025,-0.44,700865.6975097656
C. Riedel,20,RCD Espanyol de Barcelona,715755,-3296.1428,-0.46,712458.8571777344
Raba,40,Valencia Club de Fútbol SAD,664391,-3374.246,-0.51,661016.75390625
Dituro,10,Elche Club de Fútbol SAD,671250,-3374.246,-0.5,667875.75390625
Abel Bretones,20,Club Atlético Osasuna,691293,-3374.246,-0.49,687918.75390625
H. Hassan,30,Real Oviedo SAD,1155582,-3497.308,-0.3,1152084.6918945312
Almeida,30,Valencia Club de Fútbol SAD,698249,-3581.0864,-0.51,694667.9135742188
Javi Rodríguez,20,Real Club Celta de Vigo SAD,658107,-3835.4626,-0.58,654271.5373535156
Moi Gómez,30,Club Atlético Osasuna,712430,-3841.2397,-0.54,708588.7602539062
J. Toljan,20,Levante Unión Deportiva SAD,719258,-4022.4841,-0.56,715235.5158691406
Juanlu,30,Sevilla Fútbol Club SAD,699037,-4388.91,-0.63,694648.08984375
Azpilicueta,20,Sevilla Fútbol Club SAD,687938,-4388.91,-0.64,683549.08984375
Ó. Valentín,30,Rayo Vallecano de Madrid SAD,717215,-4477.392,-0.62,712737.6079101562
Remiro,10,Real Sociedad de Fútbol SAD,4993164,-4544.82,-0.09,4988619.180175781
Abqar,20,Getafe Club de Fútbol SAD,693785,-4595.751,-0.66,689189.2490234375
Ruggeri,20,Club Atlético de Madrid SAD,3223614,-4635.9175,-0.14,3218978.0825195312
Dela,20,Levante Unión Deportiva SAD,813351,-4642.931,-0.57,808708.0688476562
Jon Martín,20,Real Sociedad de Fútbol SAD,707562,-4751.955,-0.67,702810.044921875
Parejo,30,Villarreal Club de Fútbol SAD,871622,-5012.222,-0.58,866609.7778320312
Lenglet,20,Club Atlético de Madrid SAD,756906,-5565.0444,-0.74,751340.9555664062
L. Dendoncker,30,Real Oviedo SAD,755944,-5565.0444,-0.74,750378.9555664062
Domingos Duarte,20,Getafe Club de Fútbol SAD,1081193,-5632.8994,-0.52,1075560.1005859375
Mendy,30,Sevilla Fútbol Club SAD,762657,-5875.879,-0.77,756781.12109375
Pablo Torre,30,Real Club Deportivo Mallorca SAD,742687,-5952.4473,-0.8,736734.552734375
Ferran Jutglà,40,Real Club Celta de Vigo SAD,768840,-6029.4653,-0.78,762810.5346679688
Ibáñez,30,Deportivo Alavés SAD,972160,-6534.8667,-0.67,965625.1333007812
Blanco,30,Deportivo Alavés SAD,2543723,-6918.591,-0.27,2536804.4091796875
Junior,20,Real Betis Balompié SAD,777212,-6959.74,-0.9,770252.259765625
R. Bardghji,40,Fútbol Club Barcelona,780890,-7482.069,-0.96,773407.9311523438
Samú Costa,30,Real Club Deportivo Mallorca SAD,1311921,-7835.8325,-0.6,1304085.1674804688
Aramburu,20,Real Sociedad de Fútbol SAD,785345,-8024.5864,-1.02,777320.4135742188
M. Joseph,40,Real Club Deportivo Mallorca SAD,785358,-9037.723,-1.15,776320.27734375
Aguado,30,Elche Club de Fútbol SAD,873480,-9934.49,-1.14,863545.509765625
Bryan Gil,40,Girona Fútbol Club SAD,1837325,-10047.972,-0.55,1827277.0283203125
Rico,20,Getafe Club de Fútbol SAD,852114,-10066.555,-1.18,842047.4453125
Szczesny,10,Fútbol Club Barcelona,853560,-10066.555,-1.18,843493.4453125
T. Partey,30,Villarreal Club de Fútbol SAD,875036,-10220.535,-1.17,864815.46484375
Gazzaniga,10,Girona Fútbol Club SAD,1631959,-10454.525,-0.64,1621504.474609375
Pau López,10,Real Betis Balompié SAD,867384,-11081.219,-1.28,856302.78125
Martim Neto,30,Elche Club de Fútbol SAD,4259897,-11124.368,-0.26,4248772.6318359375
Molina,20,Club Atlético de Madrid SAD,839901,-11336.167,-1.35,828564.8330078125
A. Matturro,20,Levante Unión Deportiva SAD,604202,-11726.847,-1.94,592475.1533203125
Pepelu,30,Valencia Club de Fútbol SAD,4995212,-13089.897,-0.26,4982122.1025390625
Aitor Ruibal,40,Real Betis Balompié SAD,1687317,-13383.719,-0.79,1673933.28125
M. Ryan,10,Levante Unión Deportiva SAD,1708011,-13634.98,-0.8,1694376.01953125
Isaac,40,Sevilla Fútbol Club SAD,971940,-13644.286,-1.4,958295.7138671875
Starfelt,20,Real Club Celta de Vigo SAD,4426594,-14203.871,-0.32,4412390.12890625
Franco,40,Real Madrid Club de Fútbol,7503147,-14292.332,-0.19,7488854.66796875
Gayá,20,Valencia Club de Fútbol SAD,979458,-14354.582,-1.47,965103.41796875
Zubeldia,20,Real Sociedad de Fútbol SAD,2696216,-14972.271,-0.56,2681243.728515625
Williot,30,Real Club Celta de Vigo SAD,955242,-15159.463,-1.59,940082.537109375
Altimira,30,Real Betis Balompié SAD,993868,-15185.722,-1.53,978682.2783203125
David Soria,10,Getafe Club de Fútbol SAD,5286923,-15216.951,-0.29,5271706.048828125
Akor Adams,40,Sevilla Fútbol Club SAD,1567634,-15233.78,-0.97,1552400.2197265625
Maffeo,20,Real Club Deportivo Mallorca SAD,1048539,-15250.189,-1.45,1033288.810546875
Aleñá,30,Deportivo Alavés SAD,2394786,-16147.72,-0.67,2378638.2802734375
Leo Román,10,Real Club Deportivo Mallorca SAD,1543190,-16278.323,-1.05,1526911.6767578125
Carreira,20,Real Club Celta de Vigo SAD,1557405,-16476.066,-1.06,1540928.93359375
I. Moriba,30,Real Club Celta de Vigo SAD,1052267,-16757.654,-1.59,1035509.345703125
Roberto,40,RCD Espanyol de Barcelona,11911016,-17710.086,-0.15,11893305.9140625
Sotelo,30,Real Club Celta de Vigo SAD,1117207,-19226.98,-1.72,1097980.01953125
Iñaki Peña,10,Elche Club de Fútbol SAD,1556564,-20263.78,-1.3,1536300.220703125
Valentín,20,Real Betis Balompié SAD,1201652,-21530.617,-1.79,1180121.3828125
A. Sánchez,40,Sevilla Fútbol Club SAD,1168918,-21530.617,-1.84,1147387.3828125
Jan Virgili,40,Real Club Deportivo Mallorca SAD,6997330,-23886.016,-0.34,6973443.984375
Johnny Cardoso,30,Club Atlético de Madrid SAD,1808690,-26412.104,-1.46,1782277.896484375
Adrian Liso,40,Getafe Club de Fútbol SAD,1368336,-27432.254,-2.0,1340903.74609375
Riquelme,30,Real Betis Balompié SAD,1282315,-27743.947,-2.16,1254571.052734375
Valjent,20,Real Club Deportivo Mallorca SAD,2266947,-29730.82,-1.31,2237216.1796875
Le Normand,20,Club Atlético de Madrid SAD,7814340,-30302.209,-0.39,7784037.791015625
Ter Stegen,10,Girona Fútbol Club SAD,2048671,-30796.615,-1.5,2017874.384765625
Rubén García,30,Club Atlético Osasuna,17058042,-30812.877,-0.18,17027229.123046875
G. Suazo,20,Sevilla Fútbol Club SAD,1540283,-32182.32,-2.09,1508100.6796875
Araújo,20,Fútbol Club Barcelona,2793216,-33224.16,-1.19,2759991.83984375
Sivera,10,Deportivo Alavés SAD,2433007,-33732.543,-1.39,2399274.45703125
Witsel,30,Girona Fútbol Club SAD,1521735,-34079.22,-2.24,1487655.78125
Bigas,20,Elche Club de Fútbol SAD,1646670,-34431.305,-2.09,1612238.6953125
O. El Hilali,20,RCD Espanyol de Barcelona,1635664,-34431.305,-2.11,1601232.6953125
Pedraza,20,Villarreal Club de Fútbol SAD,1743965,-34431.305,-1.97,1709533.6953125
Laporte,20,Athletic Club,7371770,-34437.76,-0.47,7337332.23828125
Fernando Calero,20,RCD Espanyol de Barcelona,3182700,-36999.742,-1.16,3145700.2578125
Jonny Otto,20,Deportivo Alavés SAD,1707556,-39224.992,-2.3,1668331.0078125
Iván Romero,40,Levante Unión Deportiva SAD,2142993,-39941.297,-1.86,2103051.703125
Gonzalo,40,Real Madrid Club de Fútbol,2754160,-40407.316,-1.47,2713752.68359375
S. Amrabat,30,Real Betis Balompié SAD,1618907,-40784.754,-2.52,1578122.24609375
Germán Valera,30,Elche Club de Fútbol SAD,54682987,-41169.625,-0.08,54641817.375
Agoumé,30,Sevilla Fútbol Club SAD,2186229,-42480.633,-1.94,2143748.3671875
Borja Mayoral,40,Getafe Club de Fútbol SAD,1710827,-45983.492,-2.69,1664843.5078125
Alex Moreno,20,Girona Fútbol Club SAD,1993831,-46339.04,-2.32,1947491.9609375
Rosier,20,Club Atlético Osasuna,2854059,-48538.18,-1.7,2805520.8203125
Pathé Ciss,30,Rayo Vallecano de Madrid SAD,2143235,-49124.664,-2.29,2094110.3359375
Diego López,40,Valencia Club de Fútbol SAD,2163803,-50535.47,-2.34,2113267.53125
Javi Guerra,30,Valencia Club de Fútbol SAD,2101651,-50535.47,-2.4,2051115.53125
Aspas,40,Real Club Celta de Vigo SAD,2768044,-50634.37,-1.83,2717409.62890625
Moncayola,30,Club Atlético Osasuna,5454104,-50798.574,-0.93,5403305.42578125
Areso,20,Athletic Club,2483787,-50852.08,-2.05,2432934.921875
Almada,30,Club Atlético de Madrid SAD,5545298,-50927.32,-0.92,5494370.6796875
Hugo Duro,40,Valencia Club de Fútbol SAD,3372004,-52238.2,-1.55,3319765.80078125
V. Vanat,40,Girona Fútbol Club SAD,5208301,-52567.98,-1.01,5155733.01953125
C. Alvarez,30,Levante Unión Deportiva SAD,6125134,-53453.145,-0.87,6071680.85546875
Javi Rueda,20,Real Club Celta de Vigo SAD,2946642,-55150.195,-1.87,2891491.8046875
Antony,40,Real Betis Balompié SAD,103847643,-56300.23,-0.05,103791342.76953125
Paredes,20,Athletic Club,5418245,-56908.84,-1.05,5361336.16015625
Trent,20,Real Madrid Club de Fútbol,7428545,-58702.95,-0.79,7369842.05078125
Unai Lopez,30,Rayo Vallecano de Madrid SAD,2825275,-59677.04,-2.11,2765597.9609375
Aimar Oroz,30,Club Atlético Osasuna,3819092,-59727.664,-1.56,3759364.3359375
Giménez,20,Club Atlético de Madrid SAD,4654088,-59906.72,-1.29,4594181.28125
Carvajal,20,Real Madrid Club de Fútbol,4113414,-61295.582,-1.49,4052118.41796875
N. Mendy,20,Rayo Vallecano de Madrid SAD,3050573,-63664.082,-2.09,2986908.91796875
Puado,30,RCD Espanyol de Barcelona,2623480,-67971.87,-2.59,2555508.1328125
A. Ounahi,30,Girona Fútbol Club SAD,5513581,-68990.3,-1.25,5444590.703125
Tárrega,20,Valencia Club de Fútbol SAD,3327555,-70755.35,-2.13,3256799.6484375
Mingueza,20,Real Club Celta de Vigo SAD,5578811,-75096.7,-1.35,5503714.296875
T. Dolan,40,RCD Espanyol de Barcelona,3520223,-77177.945,-2.19,3443045.0546875
Raíllo,20,Real Club Deportivo Mallorca SAD,3602532,-77234.09,-2.14,3525297.90625
Yuri,20,Athletic Club,7968868,-82414.19,-1.03,7886453.8125
Sørloth,40,Club Atlético de Madrid SAD,10429791,-88869.36,-0.85,10340921.640625
Koke,30,Club Atlético de Madrid SAD,19642347,-89014.71,-0.45,19553332.2890625
Agirrezabala,10,Valencia Club de Fútbol SAD,3360297,-89184.93,-2.65,3271112.0703125
Nico González,30,Club Atlético de Madrid SAD,7118103,-89924.68,-1.26,7028178.3203125
Carmona,20,Sevilla Fútbol Club SAD,4307965,-93081.625,-2.16,4214883.375
Unai Simón,10,Athletic Club,9535598,-94728.414,-0.99,9440869.5859375
Tsygankov,40,Girona Fútbol Club SAD,6641010,-96466.945,-1.45,6544543.0546875
Cardona,20,Villarreal Club de Fútbol SAD,5051617,-101995.2,-2.02,4949621.796875
Renato Veiga,20,Villarreal Club de Fútbol SAD,10318686,-112664.01,-1.09,10206021.9921875
Mojica,20,Real Club Deportivo Mallorca SAD,6078872,-113817.05,-1.87,5965054.953125
Mouriño,20,Villarreal Club de Fútbol SAD,7110283,-113890.625,-1.6,6996392.375
Isi,40,Rayo Vallecano de Madrid SAD,10358386,-116525.234,-1.12,10241860.765625
Mbappé,40,Real Madrid Club de Fútbol,154347841,-128329.39,-0.08,154219511.609375
I. Radu,10,Real Club Celta de Vigo SAD,13908414,-131921.02,-0.95,13776492.984375
S. Herrera,10,Club Atlético Osasuna,10345207,-135127.81,-1.31,10210079.1875
Dmitrovic,10,RCD Espanyol de Barcelona,10180866,-135395.3,-1.33,10045470.703125
Bellerín,20,Real Betis Balompié SAD,5298397,-141368.83,-2.67,5157028.171875
A. Batalla,10,Rayo Vallecano de Madrid SAD,8971001,-154190.11,-1.72,8816810.890625
Isco,30,Real Betis Balompié SAD,11341343,-154573.2,-1.36,11186769.796875
Rudiger,20,Real Madrid Club de Fútbol,14254476,-155011.92,-1.09,14099464.078125
Rafa Marín,20,Villarreal Club de Fútbol SAD,9710187,-155147.05,-1.6,9555039.953125
Aarón,10,Real Oviedo SAD,21028580,-159609.83,-0.76,20868970.171875
Tenaglia,20,Deportivo Alavés SAD,11290827,-162442.77,-1.44,11128384.234375
Jauregizar,30,Athletic Club,24025882,-167135.02,-0.7,23858746.984375
Griezmann,40,Club Atlético de Madrid SAD,13593011,-168330.89,-1.24,13424680.109375
Rafa Mir,40,Elche Club de Fútbol SAD,7019712,-184216.19,-2.62,6835495.8125
Courtois,10,Real Madrid Club de Fútbol,50961167,-189808.84,-0.37,50771358.15625
Foyth,20,Villarreal Club de Fútbol SAD,7058082,-191487.11,-2.71,6866594.890625
Luíz Júnior,10,Villarreal Club de Fútbol SAD,13940904,-193549.28,-1.39,13747354.71875
Sancet,30,Athletic Club,7576674,-196375.61,-2.59,7380298.390625
F. Boyomo,20,Club Atlético Osasuna,8362733,-212530.27,-2.54,8150202.734375
Vivian,20,Athletic Club,9605593,-232113.94,-2.42,9373479.0625
R. Vargas,40,Sevilla Fútbol Club SAD,9029668,-243606.83,-2.7,8786061.171875
G. G. Mikautadze,40,Villarreal Club de Fútbol SAD,19602826,-255740.5,-1.3,19347085.5
T. Buchanan,30,Villarreal Club de Fútbol SAD,13703236,-260702.86,-1.9,13442533.140625
Chavarría,20,Rayo Vallecano de Madrid SAD,12346185,-273578.7,-2.22,12072606.3125
Marcos Llorente,20,Club Atlético de Madrid SAD,87383114,-290548.0,-0.33,87092566.0
Berenguer,40,Athletic Club,18312036,-292005.1,-1.59,18020030.90625
Pere Milla,40,RCD Espanyol de Barcelona,16738248,-298059.62,-1.78,16440188.375
L. Cabrera,20,RCD Espanyol de Barcelona,23525588,-305831.56,-1.3,23219756.4375
Bartra,20,Real Betis Balompié SAD,42017130,-308205.44,-0.73,41708924.5625
Ayoze Pérez,40,Villarreal Club de Fútbol SAD,12947778,-314201.38,-2.43,12633576.625
Natan,20,Real Betis Balompié SAD,39188290,-318887.72,-0.81,38869402.28125
Affengruber,20,Elche Club de Fútbol SAD,14203588,-346225.53,-2.44,13857362.46875
Gerard Martín,20,Fútbol Club Barcelona,18320447,-362994.0,-1.98,17957453.0
Lejeune,20,Rayo Vallecano de Madrid SAD,40497535,-363477.53,-0.9,40134057.46875
Álvaro Núñez,20,Real Club Celta de Vigo SAD,15190136,-372287.06,-2.45,14817848.9375
Militão,20,Real Madrid Club de Fútbol,16022383,-398355.3,-2.49,15624027.6875
Etta Eyong,40,Levante Unión Deportiva SAD,22779033,-400828.5,-1.76,22378204.5
Álex Baena,30,Club Atlético de Madrid SAD,56193846,-440675.97,-0.78,55753170.03125
Giuliano,40,Club Atlético de Madrid SAD,52934707,-441604.88,-0.83,52493102.125
G. Lo Celso,30,Real Betis Balompié SAD,19684430,-445806.03,-2.26,19238623.96875
Comesaña,30,Villarreal Club de Fútbol SAD,22698545,-492101.66,-2.17,22206443.34375
Take Kubo,30,Real Sociedad de Fútbol SAD,19974212,-501384.7,-2.51,19472827.3125
Cucho,40,Real Betis Balompié SAD,59684466,-566285.6,-0.95,59118180.375
Carreras,20,Real Madrid Club de Fútbol,88375292,-588776.7,-0.67,87786515.3125
Brais Méndez,30,Real Sociedad de Fútbol SAD,31063492,-629774.25,-2.03,30433717.75
De Jong,30,Fútbol Club Barcelona,79059158,-644663.3,-0.82,78414494.6875
Barrenetxea,30,Real Sociedad de Fútbol SAD,27192829,-736980.0,-2.71,26455849.0
Julián A.,40,Club Atlético de Madrid SAD,105594355,-771931.3,-0.73,104822423.6875
Carlos Romero,20,RCD Espanyol de Barcelona,47297249,-996239.1,-2.11,46301009.875
Rodrygo,40,Real Madrid Club de Fútbol,50402580,-1.3303728e+06,-2.64,49072207.25
Barrios,30,Club Atlético de Madrid SAD,65014218,-1.6615271e+06,-2.56,63352690.875
Raphinha,40,Fútbol Club Barcelona,146359211,-1.7248966e+06,-1.18,144634314.375
Pedri,30,Fútbol Club Barcelona,113265048,-1.7400541e+06,-1.54,111524993.875
Bellingham,30,Real Madrid Club de Fútbol,101868713,-2.3017398e+06,-2.26,99566973.25
