player_name,posicion,equipo,marketValue,pred_var_1d,pred_pct_1d,pred_mv_mañana,mv_real_9feb,var_real_api,var_real,var_real_pct,error_abs,error_pct,error_con_signo,pred_sube,real_sube,acierto_direccion
Fermín,3,Fútbol Club Barcelona,149106845.0,2123953.2,1.42,151230798.25,149106845.0,2312782.0,0.0,0.0,2123953.25,1.42,2123953.25,True,True,True
Dani Olmo,3,Fútbol Club Barcelona,80733523.0,2063615.8,2.56,82797138.75,80733523.0,2349907.0,0.0,0.0,2063615.75,2.56,2063615.75,True,True,True
Oyarzabal,4,Real Sociedad de Fútbol SAD,90771040.0,1432246.0,1.58,92203286.0,90771040.0,1411430.0,0.0,0.0,1432246.0,1.58,1432246.0,True,True,True
Guedes,3,Real Sociedad de Fútbol SAD,42367751.0,1288474.6,3.04,43656225.625,42367751.0,1395087.0,0.0,0.0,1288474.625,3.04,1288474.625,True,True,True
Ez Abde,4,Real Betis Balompié SAD,56322870.0,1176985.4,2.09,57499855.375,56322870.0,1059291.0,0.0,0.0,1176985.375,2.09,1176985.375,True,True,True
Gerard,4,Villarreal Club de Fútbol SAD,50803128.0,1062929.5,2.09,51866057.5,50803128.0,912554.0,0.0,0.0,1062929.5,2.09,1062929.5,True,True,True
Budimir,4,Club Atlético Osasuna,28150394.0,809213.5,2.87,28959607.5,28150394.0,736250.0,0.0,0.0,809213.5,2.87,809213.5,True,True,True
Álex Balde,2,Fútbol Club Barcelona,47776184.0,762158.6,1.6,48538342.625,47776184.0,656046.0,0.0,0.0,762158.625,1.6,762158.625,True,True,True
Camavinga,3,Real Madrid Club de Fútbol,33133186.0,694343.5,2.1,33827529.5,33133186.0,690300.0,0.0,0.0,694343.5,2.1,694343.5,True,True,True
Catena,2,Club Atlético Osasuna,36552190.0,660917.75,1.81,37213107.75,36552190.0,433148.0,0.0,0.0,660917.75,1.81,660917.75,True,True,True
Lewandowski,4,Fútbol Club Barcelona,52624403.0,645071.1,1.23,53269474.125,52624403.0,375242.0,0.0,0.0,645071.125,1.23,645071.125,True,True,True
Valverde,3,Real Madrid Club de Fútbol,124095685.0,600889.94,0.48,124696574.9375,124095685.0,716433.0,0.0,0.0,600889.9375,0.48,600889.9375,True,True,True
Tchouaméni,3,Real Madrid Club de Fútbol,62947301.0,589020.94,0.94,63536321.9375,62947301.0,533537.0,0.0,0.0,589020.9375,0.94,589020.9375,True,True,True
Rashford,4,Fútbol Club Barcelona,44004696.0,565693.25,1.29,44570389.25,44004696.0,653231.0,0.0,0.0,565693.25,1.29,565693.25,True,True,True
De Frutos,4,Rayo Vallecano de Madrid SAD,41705639.0,458386.88,1.1,42164025.875,41705639.0,397169.0,0.0,0.0,458386.875,1.1,458386.875,True,True,True
Fornals,3,Real Betis Balompié SAD,131648615.0,410329.2,0.31,132058944.1875,131648615.0,709968.0,0.0,0.0,410329.1875,0.31,410329.1875,True,True,True
Edu Expósito,3,RCD Espanyol de Barcelona,78436380.0,406031.97,0.52,78842411.96875,78436380.0,507115.0,0.0,0.0,406031.96875,0.52,406031.96875,True,True,True
Joan García,1,Fútbol Club Barcelona,66296643.0,398271.3,0.6,66694914.3125,66296643.0,144609.0,0.0,0.0,398271.3125,0.6,398271.3125,True,True,True
Marcos Alonso,2,Real Club Celta de Vigo SAD,45597214.0,396634.2,0.87,45993848.1875,45597214.0,460338.0,0.0,0.0,396634.1875,0.87,396634.1875,True,True,True
Huijsen,2,Real Madrid Club de Fútbol,62633743.0,379691.94,0.61,63013434.9375,62633743.0,159519.0,0.0,0.0,379691.9375,0.61,379691.9375,True,True,True
Víctor Muñoz,4,Club Atlético Osasuna,12452346.0,235104.86,1.89,12687450.859375,12452346.0,267408.0,0.0,0.0,235104.859375,1.89,235104.859375,True,True,True
Pau Cubarsí,2,Fútbol Club Barcelona,45951304.0,217782.94,0.47,46169086.9375,45951304.0,131699.0,0.0,0.0,217782.9375,0.47,217782.9375,True,True,True
Arambarri,3,Getafe Club de Fútbol SAD,20856198.0,207816.61,1.0,21064014.609375,20856198.0,97117.0,0.0,0.0,207816.609375,1.0,207816.609375,True,True,True
Oblak,1,Club Atlético de Madrid SAD,24013498.0,202415.1,0.84,24215913.09375,24013498.0,199522.0,0.0,0.0,202415.09375,0.84,202415.09375,True,True,True
Muriqi,4,Real Club Deportivo Mallorca SAD,50803647.0,200088.67,0.39,51003735.671875,50803647.0,456239.0,0.0,0.0,200088.671875,0.39,200088.671875,True,True,True
Vitor Reis,2,Girona Fútbol Club SAD,7404641.0,190233.86,2.57,7594874.859375,7404641.0,212591.0,0.0,0.0,190233.859375,2.57,190233.859375,True,True,True
Álvaro García,3,Rayo Vallecano de Madrid SAD,17899880.0,122673.12,0.69,18022553.1171875,17899880.0,68105.0,0.0,0.0,122673.1171875,0.69,122673.1171875,True,True,True
Sergio Gómez,2,Real Sociedad de Fútbol SAD,6589739.0,121735.49,1.85,6711474.4921875,6589739.0,109071.0,0.0,0.0,121735.4921875,1.85,121735.4921875,True,True,True
Rioja,3,Valencia Club de Fútbol SAD,9632939.0,118777.25,1.23,9751716.25,9632939.0,135123.0,0.0,0.0,118777.25,1.23,118777.25,True,True,True
Lamine Yamal,4,Fútbol Club Barcelona,158274278.0,89372.54,0.06,158363650.5390625,158274278.0,-115034.0,0.0,0.0,89372.5390625,0.06,89372.5390625,True,False,False
Guruzeta,4,Athletic Club,1251370.0,58047.336,4.64,1309417.3359375,1251370.0,11875.0,0.0,0.0,58047.3359375,4.64,58047.3359375,True,True,True
Brahim,3,Real Madrid Club de Fútbol,2900185.0,51250.51,1.77,2951435.51171875,2900185.0,48102.0,0.0,0.0,51250.51171875,1.77,51250.51171875,True,True,True
Iñaki Williams,4,Athletic Club,5859208.0,46609.97,0.8,5905817.96875,5859208.0,18245.0,0.0,0.0,46609.96875,0.8,46609.96875,True,True,True
De Galarreta,3,Athletic Club,5674042.0,44257.977,0.78,5718299.9765625,5674042.0,27083.0,0.0,0.0,44257.9765625,0.78,44257.9765625,True,True,True
Daley Blind,2,Girona Fútbol Club SAD,2668048.0,35787.8,1.34,2703835.80078125,2668048.0,35679.0,0.0,0.0,35787.80078125,1.34,35787.80078125,True,True,True
Ratiu,2,Rayo Vallecano de Madrid SAD,31982543.0,32816.43,0.1,32015359.4296875,31982543.0,134138.0,0.0,0.0,32816.4296875,0.1,32816.4296875,True,True,True
Arnau,2,Girona Fútbol Club SAD,1660832.0,31545.396,1.9,1692377.396484375,1660832.0,25072.0,0.0,0.0,31545.396484375,1.9,31545.396484375,True,True,True
Marc Pubill,2,Club Atlético de Madrid SAD,11077504.0,30602.656,0.28,11108106.65625,11077504.0,58799.0,0.0,0.0,30602.65625,0.28,30602.65625,True,True,True
Darder,3,Real Club Deportivo Mallorca SAD,12460642.0,27540.98,0.22,12488182.98046875,12460642.0,53871.0,0.0,0.0,27540.98046875,0.22,27540.98046875,True,True,True
Nico Serrano,4,Athletic Club,596261.0,18403.281,3.09,614664.28125,596261.0,2280.0,0.0,0.0,18403.28125,3.09,18403.28125,True,True,True
Marc Bernal,3,Fútbol Club Barcelona,615977.0,16630.525,2.7,632607.525390625,615977.0,7866.0,0.0,0.0,16630.525390625,2.7,16630.525390625,True,True,True
Rubén García,3,Club Atlético Osasuna,17058042.0,15694.388,0.09,17073736.387695312,17058042.0,36071.0,0.0,0.0,15694.3876953125,0.09,15694.3876953125,True,True,True
Chimy Ávila,4,Real Betis Balompié SAD,602309.0,14048.362,2.33,616357.3623046875,602309.0,2028.0,0.0,0.0,14048.3623046875,2.33,14048.3623046875,True,True,True
Lemar,3,Girona Fútbol Club SAD,775224.0,13302.695,1.72,788526.6953125,775224.0,-5177.0,0.0,0.0,13302.6953125,1.72,13302.6953125,True,False,False
Raúl,4,Club Atlético Osasuna,599417.0,12485.592,2.08,611902.591796875,599417.0,2149.0,0.0,0.0,12485.591796875,2.08,12485.591796875,True,True,True
Iván Martín,3,Girona Fútbol Club SAD,3155538.0,12043.503,0.38,3167581.5029296875,3155538.0,20947.0,0.0,0.0,12043.5029296875,0.38,12043.5029296875,True,True,True
Kike Salas,2,Sevilla Fútbol Club SAD,861278.0,11205.462,1.3,872483.4619140625,861278.0,-6117.0,0.0,0.0,11205.4619140625,1.3,11205.4619140625,True,False,False
Oskarsson,4,Real Sociedad de Fútbol SAD,603697.0,10720.251,1.78,614417.2509765625,603697.0,1970.0,0.0,0.0,10720.2509765625,1.78,10720.2509765625,True,True,True
Héctor Fort,2,Elche Club de Fútbol SAD,758678.0,8975.095,1.18,767653.0947265625,758678.0,-4487.0,0.0,0.0,8975.0947265625,1.18,8975.0947265625,True,False,False
Turrientes,3,Real Sociedad de Fútbol SAD,609093.0,7459.906,1.22,616552.9057617188,609093.0,1745.0,0.0,0.0,7459.90576171875,1.22,7459.90576171875,True,True,True
Javi López,2,Real Oviedo SAD,596466.0,6465.009,1.08,602931.0087890625,596466.0,2271.0,0.0,0.0,6465.0087890625,1.08,6465.0087890625,True,True,True
Olasagasti,3,Levante Unión Deportiva SAD,595769.0,5242.4443,0.88,601011.4443359375,595769.0,2301.0,0.0,0.0,5242.4443359375,0.88,5242.4443359375,True,True,True
David Costas,2,Real Oviedo SAD,656210.0,3039.7507,0.46,659249.7507324219,656210.0,-218.0,0.0,0.0,3039.750732421875,0.46,3039.750732421875,True,False,False
David Carmo,2,Real Oviedo SAD,764219.0,2314.06,0.3,766533.0600585938,764219.0,-4718.0,0.0,0.0,2314.06005859375,0.3,2314.06005859375,True,False,False
Iker Muñoz,3,Club Atlético Osasuna,595992.0,1933.2863,0.32,597925.2862548828,595992.0,2291.0,0.0,0.0,1933.2862548828125,0.32,1933.2862548828125,True,True,True
F. Viñas,4,Real Oviedo SAD,606370.0,1933.2863,0.32,608303.2862548828,606370.0,1859.0,0.0,0.0,1933.2862548828125,0.32,1933.2862548828125,True,True,True
Calebe,3,Deportivo Alavés SAD,596191.0,1933.2863,0.32,598124.2862548828,596191.0,2283.0,0.0,0.0,1933.2862548828125,0.32,1933.2862548828125,True,True,True
Nacho Vidal,2,Real Oviedo SAD,601348.0,1373.8704,0.23,602721.8703613281,601348.0,2068.0,0.0,0.0,1373.870361328125,0.23,1373.870361328125,True,True,True
Ejuke,4,Sevilla Fútbol Club SAD,622975.0,911.86554,0.15,623886.8655395508,622975.0,1167.0,0.0,0.0,911.8655395507812,0.15,911.8655395507812,True,True,True
Morlanes,3,Real Club Deportivo Mallorca SAD,604022.0,737.9363,0.12,604759.9362792969,604022.0,1957.0,0.0,0.0,737.936279296875,0.12,737.936279296875,True,True,True
Balliu,2,Rayo Vallecano de Madrid SAD,597746.0,737.9363,0.12,598483.9362792969,597746.0,2218.0,0.0,0.0,737.936279296875,0.12,737.936279296875,True,True,True
Pedrosa,2,Elche Club de Fútbol SAD,596417.0,737.9363,0.12,597154.9362792969,596417.0,2274.0,0.0,0.0,737.936279296875,0.12,737.936279296875,True,True,True
David López,2,Girona Fútbol Club SAD,607128.0,737.9363,0.12,607865.9362792969,595427.0,2315.0,-11701.0,-1.93,12438.936279296875,2.09,12438.936279296875,True,True,True
David López,2,Girona Fútbol Club SAD,607128.0,737.9363,0.12,607865.9362792969,607128.0,1827.0,0.0,0.0,737.936279296875,0.12,737.936279296875,True,True,True
Ibon Sánchez,0,Deportivo Alavés SAD,594593.0,737.9363,0.12,595330.9362792969,594593.0,2350.0,0.0,0.0,737.936279296875,0.12,737.936279296875,True,True,True
Adrián,0,Deportivo Alavés SAD,594593.0,737.9363,0.12,595330.9362792969,595623.0,2307.0,1030.0,0.17,292.063720703125,0.05,-292.063720703125,True,True,True
Guridi,3,Deportivo Alavés SAD,601214.0,737.9363,0.12,601951.9362792969,601214.0,2074.0,0.0,0.0,737.936279296875,0.12,737.936279296875,True,True,True
Yoel Lago,2,Real Club Celta de Vigo SAD,595228.0,737.9363,0.12,595965.9362792969,595228.0,2323.0,0.0,0.0,737.936279296875,0.12,737.936279296875,True,True,True
Oso,2,Sevilla Fútbol Club SAD,598858.0,737.9363,0.12,599595.9362792969,598858.0,2172.0,0.0,0.0,737.936279296875,0.12,737.936279296875,True,True,True
Jordán,3,Sevilla Fútbol Club SAD,596710.0,737.9363,0.12,597447.9362792969,596710.0,2261.0,0.0,0.0,737.936279296875,0.12,737.936279296875,True,True,True
Arnau Tenas,1,Villarreal Club de Fútbol SAD,608879.0,737.9363,0.12,609616.9362792969,608879.0,1754.0,0.0,0.0,737.936279296875,0.12,737.936279296875,True,True,True
Gorosabel,2,Athletic Club,601362.0,737.9363,0.12,602099.9362792969,601362.0,2067.0,0.0,0.0,737.936279296875,0.12,737.936279296875,True,True,True
Juanmi,4,Getafe Club de Fútbol SAD,606576.0,737.9363,0.12,607313.9362792969,606576.0,1850.0,0.0,0.0,737.936279296875,0.12,737.936279296875,True,True,True
Kumbulla,2,Real Club Deportivo Mallorca SAD,598733.0,737.9363,0.12,599470.9362792969,598733.0,2177.0,0.0,0.0,737.936279296875,0.12,737.936279296875,True,True,True
Jofre,4,RCD Espanyol de Barcelona,596333.0,737.9363,0.12,597070.9362792969,596333.0,2277.0,0.0,0.0,737.936279296875,0.12,737.936279296875,True,True,True
Dani Calvo,2,Real Oviedo SAD,600097.0,737.9363,0.12,600834.9362792969,600097.0,2120.0,0.0,0.0,737.936279296875,0.12,737.936279296875,True,True,True
Álex Sancris,4,Getafe Club de Fútbol SAD,599003.0,737.9363,0.12,599740.9362792969,599003.0,2166.0,0.0,0.0,737.936279296875,0.12,737.936279296875,True,True,True
Javi Muñoz,3,Getafe Club de Fútbol SAD,598815.0,737.9363,0.12,599552.9362792969,598815.0,2174.0,0.0,0.0,737.936279296875,0.12,737.936279296875,True,True,True
Letacek,1,Getafe Club de Fútbol SAD,595379.0,737.9363,0.12,596116.9362792969,595379.0,2317.0,0.0,0.0,737.936279296875,0.12,737.936279296875,True,True,True
Protesoni,3,Deportivo Alavés SAD,596871.0,737.9363,0.12,597608.9362792969,596871.0,2255.0,0.0,0.0,737.936279296875,0.12,737.936279296875,True,True,True
Kike Barja,4,Club Atlético Osasuna,595808.0,737.9363,0.12,596545.9362792969,595808.0,2299.0,0.0,0.0,737.936279296875,0.12,737.936279296875,True,True,True
Herrando,2,Club Atlético Osasuna,605973.0,737.9363,0.12,606710.9362792969,605973.0,1875.0,0.0,0.0,737.936279296875,0.12,737.936279296875,True,True,True
Juan Cruz,2,Club Atlético Osasuna,614426.0,737.9363,0.12,615163.9362792969,614426.0,1523.0,0.0,0.0,737.936279296875,0.12,737.936279296875,True,True,True
Stuani,4,Girona Fútbol Club SAD,599307.0,737.9363,0.12,600044.9362792969,599307.0,2153.0,0.0,0.0,737.936279296875,0.12,737.936279296875,True,True,True
Abel Ruiz,4,Girona Fútbol Club SAD,596504.0,737.9363,0.12,597241.9362792969,596504.0,2270.0,0.0,0.0,737.936279296875,0.12,737.936279296875,True,True,True
Krapyvtsov,1,Girona Fútbol Club SAD,595165.0,737.9363,0.12,595902.9362792969,595165.0,2326.0,0.0,0.0,737.936279296875,0.12,737.936279296875,True,True,True
Abdón,4,Real Club Deportivo Mallorca SAD,596019.0,737.9363,0.12,596756.9362792969,596019.0,2290.0,0.0,0.0,737.936279296875,0.12,737.936279296875,True,True,True
Mascarell,3,Real Club Deportivo Mallorca SAD,615902.0,737.9363,0.12,616639.9362792969,615902.0,1462.0,0.0,0.0,737.936279296875,0.12,737.936279296875,True,True,True
Pablo Durán,4,Real Club Celta de Vigo SAD,603963.0,737.9363,0.12,604700.9362792969,603963.0,1959.0,0.0,0.0,737.936279296875,0.12,737.936279296875,True,True,True
Camello,4,Rayo Vallecano de Madrid SAD,598212.0,737.9363,0.12,598949.9362792969,598212.0,2199.0,0.0,0.0,737.936279296875,0.12,737.936279296875,True,True,True
Nteka,4,Rayo Vallecano de Madrid SAD,596321.0,737.9363,0.12,597058.9362792969,596321.0,2278.0,0.0,0.0,737.936279296875,0.12,737.936279296875,True,True,True
Pedro Díaz,3,Rayo Vallecano de Madrid SAD,603468.0,737.9363,0.12,604205.9362792969,603468.0,1980.0,0.0,0.0,737.936279296875,0.12,737.936279296875,True,True,True
Davinchi,2,Getafe Club de Fútbol SAD,600712.0,737.9363,0.12,601449.9362792969,600712.0,2095.0,0.0,0.0,737.936279296875,0.12,737.936279296875,True,True,True
Thiago Pitarch,3,Real Madrid Club de Fútbol,595290.0,737.9363,0.12,596027.9362792969,595290.0,2321.0,0.0,0.0,737.936279296875,0.12,737.936279296875,True,True,True
Adrián,1,Real Betis Balompié SAD,595623.0,737.9363,0.12,596360.9362792969,595623.0,2307.0,0.0,0.0,737.936279296875,0.12,737.936279296875,True,True,True
Zakharyan,3,Real Sociedad de Fútbol SAD,597801.0,737.9363,0.12,598538.9362792969,597801.0,2216.0,0.0,0.0,737.936279296875,0.12,737.936279296875,True,True,True
Odriozola,2,Real Sociedad de Fútbol SAD,596354.0,737.9363,0.12,597091.9362792969,596354.0,2276.0,0.0,0.0,737.936279296875,0.12,737.936279296875,True,True,True
Aihen,2,Real Sociedad de Fútbol SAD,597480.0,737.9363,0.12,598217.9362792969,597480.0,2229.0,0.0,0.0,737.936279296875,0.12,737.936279296875,True,True,True
Aritz,2,Real Sociedad de Fútbol SAD,596617.0,737.9363,0.12,597354.9362792969,596617.0,2265.0,0.0,0.0,737.936279296875,0.12,737.936279296875,True,True,True
Alaba,2,Real Madrid Club de Fútbol,601658.0,737.9363,0.12,602395.9362792969,601658.0,2055.0,0.0,0.0,737.936279296875,0.12,737.936279296875,True,True,True
Prados,3,Athletic Club,596874.0,737.9363,0.12,597611.9362792969,596874.0,2254.0,0.0,0.0,737.936279296875,0.12,737.936279296875,True,True,True
Sow,3,Sevilla Fútbol Club SAD,606481.0,737.9363,0.12,607218.9362792969,606481.0,1854.0,0.0,0.0,737.936279296875,0.12,737.936279296875,True,True,True
Lunin,1,Real Madrid Club de Fútbol,598782.0,737.9363,0.12,599519.9362792969,598782.0,2175.0,0.0,0.0,737.936279296875,0.12,737.936279296875,True,True,True
Mariano,4,Deportivo Alavés SAD,601127.0,737.9363,0.12,601864.9362792969,601127.0,2077.0,0.0,0.0,737.936279296875,0.12,737.936279296875,True,True,True
Fran Pérez,3,Rayo Vallecano de Madrid SAD,607604.0,737.9363,0.12,608341.9362792969,607604.0,1807.0,0.0,0.0,737.936279296875,0.12,737.936279296875,True,True,True
Dimitrievski,1,Valencia Club de Fútbol SAD,600408.0,737.9363,0.12,601145.9362792969,600408.0,2107.0,0.0,0.0,737.936279296875,0.12,737.936279296875,True,True,True
Thierry Correia,2,Valencia Club de Fútbol SAD,601770.0,737.9363,0.12,602507.9362792969,601770.0,2051.0,0.0,0.0,737.936279296875,0.12,737.936279296875,True,True,True
Pablo García,4,Real Betis Balompié SAD,604282.0,737.9363,0.12,605019.9362792969,604282.0,1946.0,0.0,0.0,737.936279296875,0.12,737.936279296875,True,True,True
Nianzou,2,Sevilla Fútbol Club SAD,595996.0,737.9363,0.12,596733.9362792969,595996.0,2291.0,0.0,0.0,737.936279296875,0.12,737.936279296875,True,True,True
Pau Navarro,2,Villarreal Club de Fútbol SAD,596504.0,737.9363,0.12,597241.9362792969,596504.0,2270.0,0.0,0.0,737.936279296875,0.12,737.936279296875,True,True,True
Marrero,1,Real Sociedad de Fútbol SAD,595220.0,737.9363,0.12,595957.9362792969,595220.0,2323.0,0.0,0.0,737.936279296875,0.12,737.936279296875,True,True,True
Kambwala,0,Villarreal Club de Fútbol SAD,599942.0,737.9363,0.12,600679.9362792969,599942.0,2127.0,0.0,0.0,737.936279296875,0.12,737.936279296875,True,True,True
Manu Bueno,3,Sevilla Fútbol Club SAD,595416.0,737.9363,0.12,596153.9362792969,595416.0,2315.0,0.0,0.0,737.936279296875,0.12,737.936279296875,True,True,True
Marco Esteban,2,Real Oviedo SAD,595333.0,737.9363,0.12,596070.9362792969,595333.0,2319.0,0.0,0.0,737.936279296875,0.12,737.936279296875,True,True,True
Omar Falah,2,Real Oviedo SAD,595416.0,737.9363,0.12,596153.9362792969,595416.0,2315.0,0.0,0.0,737.936279296875,0.12,737.936279296875,True,True,True
Denis Suárez,3,Deportivo Alavés SAD,602656.0,737.9363,0.12,603393.9362792969,602656.0,2014.0,0.0,0.0,737.936279296875,0.12,737.936279296875,True,True,True
Joel Roca,4,Girona Fútbol Club SAD,603446.0,737.9363,0.12,604183.9362792969,603446.0,1981.0,0.0,0.0,737.936279296875,0.12,737.936279296875,True,True,True
Iker Losada,4,Levante Unión Deportiva SAD,597252.0,737.9363,0.12,597989.9362792969,597252.0,2239.0,0.0,0.0,737.936279296875,0.12,737.936279296875,True,True,True
Toni Fernández,4,Fútbol Club Barcelona,595162.0,737.9363,0.12,595899.9362792969,595162.0,2326.0,0.0,0.0,737.936279296875,0.12,737.936279296875,True,True,True
Jofre,2,Fútbol Club Barcelona,595272.0,737.9363,0.12,596009.9362792969,596333.0,2277.0,1061.0,0.18,323.063720703125,0.05,-323.063720703125,True,True,True
Kochen,1,Fútbol Club Barcelona,596434.0,737.9363,0.12,597171.9362792969,596434.0,2273.0,0.0,0.0,737.936279296875,0.12,737.936279296875,True,True,True
Padilla,1,Athletic Club,596658.0,737.9363,0.12,597395.9362792969,596658.0,2263.0,0.0,0.0,737.936279296875,0.12,737.936279296875,True,True,True
Juan Carlos,1,Girona Fútbol Club SAD,596256.0,737.9363,0.12,596993.9362792969,596256.0,2280.0,0.0,0.0,737.936279296875,0.12,737.936279296875,True,True,True
Trejo,3,Rayo Vallecano de Madrid SAD,598350.0,737.9363,0.12,599087.9362792969,598350.0,2193.0,0.0,0.0,737.936279296875,0.12,737.936279296875,True,True,True
Gumbau,3,Rayo Vallecano de Madrid SAD,596754.0,737.9363,0.12,597491.9362792969,596754.0,2259.0,0.0,0.0,737.936279296875,0.12,737.936279296875,True,True,True
Miguel Rubio,2,RCD Espanyol de Barcelona,598698.0,737.9363,0.12,599435.9362792969,598698.0,2178.0,0.0,0.0,737.936279296875,0.12,737.936279296875,True,True,True
Luiz Felipe,2,Rayo Vallecano de Madrid SAD,606668.0,737.9363,0.12,607405.9362792969,606668.0,1846.0,0.0,0.0,737.936279296875,0.12,737.936279296875,True,True,True
Adama,2,Athletic Club,595412.0,737.9363,0.12,596149.9362792969,595412.0,2315.0,0.0,0.0,737.936279296875,0.12,737.936279296875,True,True,True
Raúl Fernández,1,Deportivo Alavés SAD,595240.0,737.9363,0.12,595977.9362792969,595240.0,2323.0,0.0,0.0,737.936279296875,0.12,737.936279296875,True,True,True
Josan,3,Elche Club de Fútbol SAD,596456.0,737.9363,0.12,597193.9362792969,596456.0,2272.0,0.0,0.0,737.936279296875,0.12,737.936279296875,True,True,True
Cuéllar,1,Real Club Deportivo Mallorca SAD,595474.0,737.9363,0.12,596211.9362792969,595474.0,2313.0,0.0,0.0,737.936279296875,0.12,737.936279296875,True,True,True
Moldovan,1,Real Oviedo SAD,596207.0,737.9363,0.12,596944.9362792969,596207.0,2282.0,0.0,0.0,737.936279296875,0.12,737.936279296875,True,True,True
Javi Llabrés,4,Real Club Deportivo Mallorca SAD,595386.0,737.9363,0.12,596123.9362792969,595386.0,2317.0,0.0,0.0,737.936279296875,0.12,737.936279296875,True,True,True
Marc Vidal,0,Real Sociedad de Fútbol SAD,595482.0,737.9363,0.12,596219.9362792969,595482.0,2313.0,0.0,0.0,737.936279296875,0.12,737.936279296875,True,True,True
Fraga,1,Real Sociedad de Fútbol SAD,600205.0,737.9363,0.12,600942.9362792969,600205.0,2116.0,0.0,0.0,737.936279296875,0.12,737.936279296875,True,True,True
Iván Villar,1,Real Club Celta de Vigo SAD,595842.0,737.9363,0.12,596579.9362792969,595842.0,2297.0,0.0,0.0,737.936279296875,0.12,737.936279296875,True,True,True
Vesga,3,Athletic Club,596402.0,737.9363,0.12,597139.9362792969,596402.0,2274.0,0.0,0.0,737.936279296875,0.12,737.936279296875,True,True,True
Lucas Laso,2,Getafe Club de Fútbol SAD,590992.0,737.9363,0.12,591729.9362792969,590992.0,2500.0,0.0,0.0,737.936279296875,0.12,737.936279296875,True,True,True
Álvaro García,0,Deportivo Alavés SAD,590992.0,737.9363,0.12,591729.9362792969,17899880.0,68105.0,17308888.0,2928.79,17308150.063720703,96.69,-17308150.063720703,True,True,True
Portu,4,Girona Fútbol Club SAD,596950.0,737.9363,0.12,597687.9362792969,596950.0,2251.0,0.0,0.0,737.936279296875,0.12,737.936279296875,True,True,True
Guevara,3,Deportivo Alavés SAD,597556.0,737.9363,0.12,598293.9362792969,597556.0,2226.0,0.0,0.0,737.936279296875,0.12,737.936279296875,True,True,True
Nyland,1,Sevilla Fútbol Club SAD,620607.0,619.6779,0.1,621226.6779174805,620607.0,1266.0,0.0,0.0,619.6779174804688,0.1,619.6779174804688,True,True,True
Peque,4,Sevilla Fútbol Club SAD,598223.0,448.0448,0.07,598671.0447998047,598223.0,2198.0,0.0,0.0,448.0447998046875,0.07,448.0447998046875,True,True,True
David López,2,Real Club Deportivo Mallorca SAD,595427.0,384.79462,0.06,595811.7946166992,595427.0,2315.0,0.0,0.0,384.79461669921875,0.06,384.79461669921875,True,True,True
David López,2,Real Club Deportivo Mallorca SAD,595427.0,384.79462,0.06,595811.7946166992,607128.0,1827.0,11701.0,1.97,11316.205383300781,1.86,-11316.205383300781,True,True,True
Javi Galán,2,Club Atlético Osasuna,2894033.0,-88.57747,-0.0,2893944.422531128,2894033.0,7407.0,0.0,0.0,88.57746887207031,0.0,-88.57746887207031,False,True,False
Fran Beltrán,3,Girona Fútbol Club SAD,626666.0,-332.2944,-0.05,626333.7055969238,626666.0,1013.0,0.0,0.0,332.2944030761719,0.05,-332.2944030761719,False,True,False
Mario Martín,3,Getafe Club de Fútbol SAD,637180.0,-332.2944,-0.05,636847.7055969238,637180.0,575.0,0.0,0.0,332.2944030761719,0.05,-332.2944030761719,False,True,False
Fran García,2,Real Madrid Club de Fútbol,621714.0,-332.2944,-0.05,621381.7055969238,621714.0,1219.0,0.0,0.0,332.2944030761719,0.05,-332.2944030761719,False,True,False
Kike García,4,RCD Espanyol de Barcelona,630072.0,-332.2944,-0.05,629739.7055969238,630072.0,871.0,0.0,0.0,332.2944030761719,0.05,-332.2944030761719,False,True,False
Christensen,2,Fútbol Club Barcelona,644462.0,-1036.6824,-0.16,643425.3176269531,644462.0,272.0,0.0,0.0,1036.682373046875,0.16,-1036.682373046875,False,True,False
Pol Lozano,3,RCD Espanyol de Barcelona,640060.0,-1036.6824,-0.16,639023.3176269531,640060.0,455.0,0.0,0.0,1036.682373046875,0.16,-1036.682373046875,False,True,False
Nelson Deossa,3,Real Betis Balompié SAD,640098.0,-1036.6824,-0.16,639061.3176269531,640098.0,454.0,0.0,0.0,1036.682373046875,0.16,-1036.682373046875,False,True,False
Urko,3,RCD Espanyol de Barcelona,646959.0,-1036.6824,-0.16,645922.3176269531,646959.0,168.0,0.0,0.0,1036.682373046875,0.16,-1036.682373046875,False,True,False
Gudelj,3,Sevilla Fútbol Club SAD,651139.0,-1601.0145,-0.25,649537.9854736328,651139.0,-7.0,0.0,0.0,1601.0145263671875,0.25,-1601.0145263671875,False,False,True
Ruggeri,2,Club Atlético de Madrid SAD,3223614.0,-2099.2795,-0.07,3221514.7204589844,3223614.0,9089.0,0.0,0.0,2099.279541015625,0.07,-2099.279541015625,False,True,False
André Silva,4,Elche Club de Fútbol SAD,2041958.0,-2226.51,-0.11,2039731.4899902344,2041958.0,-19760.0,0.0,0.0,2226.510009765625,0.11,-2226.510009765625,False,False,True
Marc Roca,3,Real Betis Balompié SAD,1656192.0,-2306.6418,-0.14,1653885.3581542969,1656192.0,-8439.0,0.0,0.0,2306.641845703125,0.14,-2306.641845703125,False,False,True
Remiro,1,Real Sociedad de Fútbol SAD,4993164.0,-3236.047,-0.06,4989927.952880859,4993164.0,-3854.0,0.0,0.0,3236.047119140625,0.06,-3236.047119140625,False,False,True
Torró,3,Club Atlético Osasuna,696067.0,-3446.133,-0.5,692620.8669433594,696067.0,-1879.0,0.0,0.0,3446.133056640625,0.5,-3446.133056640625,False,False,True
Caleta-Car,2,Real Sociedad de Fútbol SAD,653381.0,-3587.03,-0.55,649793.9699707031,653381.0,-100.0,0.0,0.0,3587.030029296875,0.55,-3587.030029296875,False,False,True
Juan Iglesias,2,Getafe Club de Fútbol SAD,814812.0,-3993.2805,-0.49,810818.7194824219,814812.0,-1095.0,0.0,0.0,3993.280517578125,0.49,-3993.280517578125,False,False,True
Foulquier,2,Valencia Club de Fútbol SAD,661230.0,-4082.0671,-0.62,657147.9328613281,661230.0,-427.0,0.0,0.0,4082.067138671875,0.62,-4082.067138671875,False,False,True
Abel Bretones,2,Club Atlético Osasuna,691293.0,-4082.0671,-0.59,687210.9328613281,691293.0,-1680.0,0.0,0.0,4082.067138671875,0.59,-4082.067138671875,False,False,True
Almeida,3,Valencia Club de Fútbol SAD,698249.0,-4082.0671,-0.58,694166.9328613281,698249.0,-1969.0,0.0,0.0,4082.067138671875,0.58,-4082.067138671875,False,False,True
Copete,2,Valencia Club de Fútbol SAD,703955.0,-4082.0671,-0.58,699872.9328613281,703955.0,-2207.0,0.0,0.0,4082.067138671875,0.58,-4082.067138671875,False,False,True
Azpilicueta,2,Sevilla Fútbol Club SAD,687938.0,-4082.0671,-0.59,683855.9328613281,687938.0,-1540.0,0.0,0.0,4082.067138671875,0.59,-4082.067138671875,False,False,True
Manu Sánchez,2,Levante Unión Deportiva SAD,669729.0,-4082.0671,-0.61,665646.9328613281,669729.0,-781.0,0.0,0.0,4082.067138671875,0.61,-4082.067138671875,False,False,True
Sadiq,4,Valencia Club de Fútbol SAD,661006.0,-4082.0671,-0.62,656923.9328613281,661006.0,-418.0,0.0,0.0,4082.067138671875,0.62,-4082.067138671875,False,False,True
Moi Gómez,3,Club Atlético Osasuna,712430.0,-4082.0671,-0.57,708347.9328613281,712430.0,-2560.0,0.0,0.0,4082.067138671875,0.57,-4082.067138671875,False,False,True
Diakhaby,2,Valencia Club de Fútbol SAD,663570.0,-4082.0671,-0.62,659487.9328613281,663570.0,-524.0,0.0,0.0,4082.067138671875,0.62,-4082.067138671875,False,False,True
Gavi,3,Fútbol Club Barcelona,668122.0,-4082.0671,-0.61,664039.9328613281,668122.0,-714.0,0.0,0.0,4082.067138671875,0.61,-4082.067138671875,False,False,True
Juanlu,3,Sevilla Fútbol Club SAD,699037.0,-4082.0671,-0.58,694954.9328613281,699037.0,-2002.0,0.0,0.0,4082.067138671875,0.58,-4082.067138671875,False,False,True
Lenglet,2,Club Atlético de Madrid SAD,756906.0,-4710.6675,-0.62,752195.3325195312,756906.0,-4413.0,0.0,0.0,4710.66748046875,0.62,-4710.66748046875,False,False,True
Javi Rodríguez,2,Real Club Celta de Vigo SAD,658107.0,-4821.8794,-0.73,653285.1206054688,658107.0,-297.0,0.0,0.0,4821.87939453125,0.73,-4821.87939453125,False,False,True
Dela,2,Levante Unión Deportiva SAD,813351.0,-4822.3335,-0.59,808528.6665039062,813351.0,-3438.0,0.0,0.0,4822.33349609375,0.59,-4822.33349609375,False,False,True
Mendy,3,Sevilla Fútbol Club SAD,762657.0,-4938.7446,-0.65,757718.2553710938,602123.0,2036.0,-160534.0,-21.05,155595.25537109375,25.84,155595.25537109375,False,True,False
Ferran Jutglà,4,Real Club Celta de Vigo SAD,768840.0,-5248.901,-0.68,763591.0991210938,768840.0,-4911.0,0.0,0.0,5248.90087890625,0.68,-5248.90087890625,False,False,True
Parejo,3,Villarreal Club de Fútbol SAD,871622.0,-5360.567,-0.62,866261.4331054688,871622.0,-4990.0,0.0,0.0,5360.56689453125,0.62,-5360.56689453125,False,False,True
Pablo Torre,3,Real Club Deportivo Mallorca SAD,742687.0,-5450.48,-0.73,737236.5200195312,742687.0,-3821.0,0.0,0.0,5450.47998046875,0.73,-5450.47998046875,False,False,True
Blanco,3,Deportivo Alavés SAD,2543723.0,-6186.627,-0.24,2537536.373046875,2543723.0,-4690.0,0.0,0.0,6186.626953125,0.24,-6186.626953125,False,False,True
Domingos Duarte,2,Getafe Club de Fútbol SAD,1081193.0,-6287.2715,-0.58,1074905.728515625,1081193.0,-6636.0,0.0,0.0,6287.271484375,0.58,-6287.271484375,False,False,True
Aramburu,2,Real Sociedad de Fútbol SAD,785345.0,-6520.3228,-0.83,778824.6772460938,785345.0,-5598.0,0.0,0.0,6520.32275390625,0.83,-6520.32275390625,False,False,True
Bryan Gil,4,Girona Fútbol Club SAD,1837325.0,-7925.3877,-0.43,1829399.6123046875,1837325.0,-7282.0,0.0,0.0,7925.3876953125,0.43,-7925.3876953125,False,False,True
Gazzaniga,1,Girona Fútbol Club SAD,1631959.0,-8386.07,-0.51,1623572.9296875,1631959.0,-9208.0,0.0,0.0,8386.0703125,0.51,-8386.0703125,False,False,True
Szczesny,1,Fútbol Club Barcelona,853560.0,-9369.789,-1.1,844190.2109375,853560.0,-8441.0,0.0,0.0,9369.7890625,1.1,-9369.7890625,False,False,True
Pau López,1,Real Betis Balompié SAD,867384.0,-9369.789,-1.08,858014.2109375,867384.0,-9017.0,0.0,0.0,9369.7890625,1.08,-9369.7890625,False,False,True
Vlachodimos,1,Sevilla Fútbol Club SAD,1602563.0,-9964.387,-0.62,1592598.61328125,1602563.0,-26749.0,0.0,0.0,9964.38671875,0.62,-9964.38671875,False,False,True
Pepelu,3,Valencia Club de Fútbol SAD,4995212.0,-11196.123,-0.22,4984015.876953125,4995212.0,-14461.0,0.0,0.0,11196.123046875,0.22,-11196.123046875,False,False,True
Starfelt,2,Real Club Celta de Vigo SAD,4426594.0,-13426.999,-0.3,4413167.0009765625,4426594.0,-11167.0,0.0,0.0,13426.9990234375,0.3,-13426.9990234375,False,False,True
Zubeldia,2,Real Sociedad de Fútbol SAD,2696216.0,-13653.245,-0.51,2682562.7548828125,2696216.0,-15928.0,0.0,0.0,13653.2451171875,0.51,-13653.2451171875,False,False,True
Aitor Ruibal,4,Real Betis Balompié SAD,1687317.0,-13861.288,-0.82,1673455.7119140625,1687317.0,-14581.0,0.0,0.0,13861.2880859375,0.82,-13861.2880859375,False,False,True
Aleñá,3,Deportivo Alavés SAD,2394786.0,-14648.144,-0.61,2380137.8564453125,2394786.0,-14935.0,0.0,0.0,14648.1435546875,0.61,-14648.1435546875,False,False,True
Carreira,2,Real Club Celta de Vigo SAD,1557405.0,-15056.639,-0.97,1542348.361328125,1557405.0,-16314.0,0.0,0.0,15056.638671875,0.97,-15056.638671875,False,False,True
Gayá,2,Valencia Club de Fútbol SAD,979458.0,-15110.533,-1.54,964347.466796875,979458.0,-13686.0,0.0,0.0,15110.533203125,1.54,-15110.533203125,False,False,True
Altimira,3,Real Betis Balompié SAD,993868.0,-15110.533,-1.52,978757.466796875,993868.0,-14287.0,0.0,0.0,15110.533203125,1.52,-15110.533203125,False,False,True
Leo Román,1,Real Club Deportivo Mallorca SAD,1543190.0,-15346.53,-0.99,1527843.4697265625,1543190.0,-15516.0,0.0,0.0,15346.5302734375,0.99,-15346.5302734375,False,False,True
Maffeo,2,Real Club Deportivo Mallorca SAD,1048539.0,-16037.896,-1.53,1032501.103515625,1048539.0,-16565.0,0.0,0.0,16037.896484375,1.53,-16037.896484375,False,False,True
Martim Neto,3,Elche Club de Fútbol SAD,4259897.0,-19953.877,-0.47,4239943.123046875,4259897.0,-19811.0,0.0,0.0,19953.876953125,0.47,-19953.876953125,False,False,True
Iñaki Peña,1,Elche Club de Fútbol SAD,1556564.0,-21696.209,-1.39,1534867.791015625,1556564.0,-23249.0,0.0,0.0,21696.208984375,1.39,-21696.208984375,False,False,True
Jan Virgili,4,Real Club Deportivo Mallorca SAD,6997330.0,-22289.996,-0.32,6975040.00390625,6997330.0,-21730.0,0.0,0.0,22289.99609375,0.32,-22289.99609375,False,False,True
Riquelme,3,Real Betis Balompié SAD,1282315.0,-26580.525,-2.07,1255734.474609375,1282315.0,-26306.0,0.0,0.0,26580.525390625,2.07,-26580.525390625,False,False,True
Le Normand,2,Club Atlético de Madrid SAD,7814340.0,-26597.486,-0.34,7787742.513671875,7814340.0,-23656.0,0.0,0.0,26597.486328125,0.34,-26597.486328125,False,False,True
Valjent,2,Real Club Deportivo Mallorca SAD,2266947.0,-30694.742,-1.35,2236252.2578125,2266947.0,-30014.0,0.0,0.0,30694.7421875,1.35,-30694.7421875,False,False,True
Sivera,1,Deportivo Alavés SAD,2433007.0,-33635.055,-1.38,2399371.9453125,2433007.0,-37736.0,0.0,0.0,33635.0546875,1.38,-33635.0546875,False,False,True
Witsel,3,Girona Fútbol Club SAD,1521735.0,-35063.215,-2.3,1486671.78515625,1521735.0,-36281.0,0.0,0.0,35063.21484375,2.3,-35063.21484375,False,False,True
Laporte,2,Athletic Club,7371770.0,-37350.668,-0.51,7334419.33203125,7371770.0,-31783.0,0.0,0.0,37350.66796875,0.51,-37350.66796875,False,False,True
Jonny Otto,2,Deportivo Alavés SAD,1707556.0,-39746.617,-2.33,1667809.3828125,1707556.0,-39534.0,0.0,0.0,39746.6171875,2.33,-39746.6171875,False,False,True
Gonzalo,4,Real Madrid Club de Fútbol,2754160.0,-42341.785,-1.54,2711818.21484375,2754160.0,-40956.0,0.0,0.0,42341.78515625,1.54,-42341.78515625,False,False,True
Agoumé,3,Sevilla Fútbol Club SAD,2186229.0,-44362.746,-2.03,2141866.25390625,2186229.0,-43023.0,0.0,0.0,44362.74609375,2.03,-44362.74609375,False,False,True
Ter Stegen,1,Girona Fútbol Club SAD,2048671.0,-44699.92,-2.18,2003971.078125,2048671.0,-53721.0,0.0,0.0,44699.921875,2.18,-44699.921875,False,False,True
Diego López,4,Valencia Club de Fútbol SAD,2163803.0,-51062.508,-2.36,2112740.4921875,2163803.0,-51696.0,0.0,0.0,51062.5078125,2.36,-51062.5078125,False,False,True
Areso,2,Athletic Club,2483787.0,-51062.508,-2.06,2432724.4921875,2483787.0,-51874.0,0.0,0.0,51062.5078125,2.06,-51062.5078125,False,False,True
Javi Guerra,3,Valencia Club de Fútbol SAD,2101651.0,-51805.15,-2.46,2049845.8515625,2101651.0,-52385.0,0.0,0.0,51805.1484375,2.46,-51805.1484375,False,False,True
Javi Rueda,2,Real Club Celta de Vigo SAD,2946642.0,-53982.74,-1.83,2892659.26171875,2946642.0,-54159.0,0.0,0.0,53982.73828125,1.83,-53982.73828125,False,False,True
Hugo Duro,4,Valencia Club de Fútbol SAD,3372004.0,-56094.598,-1.66,3315909.40234375,3372004.0,-48563.0,0.0,0.0,56094.59765625,1.66,-56094.59765625,False,False,True
Trent,2,Real Madrid Club de Fútbol,7428545.0,-58625.547,-0.79,7369919.453125,7428545.0,-46876.0,0.0,0.0,58625.546875,0.79,-58625.546875,False,False,True
Paredes,2,Athletic Club,5418245.0,-59218.25,-1.09,5359026.75,5418245.0,-69209.0,0.0,0.0,59218.25,1.09,-59218.25,False,False,True
Carvajal,2,Real Madrid Club de Fútbol,4113414.0,-62233.836,-1.51,4051180.1640625,4113414.0,-63722.0,0.0,0.0,62233.8359375,1.51,-62233.8359375,False,False,True
David Soria,1,Getafe Club de Fútbol SAD,5286923.0,-62916.773,-1.19,5224006.2265625,5286923.0,-66033.0,0.0,0.0,62916.7734375,1.19,-62916.7734375,False,False,True
Tárrega,2,Valencia Club de Fútbol SAD,3327555.0,-69727.336,-2.1,3257827.6640625,3327555.0,-72759.0,0.0,0.0,69727.3359375,2.1,-69727.3359375,False,False,True
Moncayola,3,Club Atlético Osasuna,5454104.0,-75980.39,-1.39,5378123.609375,5454104.0,-110710.0,0.0,0.0,75980.390625,1.39,-75980.390625,False,False,True
Raíllo,2,Real Club Deportivo Mallorca SAD,3602532.0,-76615.586,-2.13,3525916.4140625,3602532.0,-75566.0,0.0,0.0,76615.5859375,2.13,-76615.5859375,False,False,True
Yuri,2,Athletic Club,7968868.0,-83117.516,-1.04,7885750.484375,7968868.0,-61873.0,0.0,0.0,83117.515625,1.04,-83117.515625,False,False,True
Nico Williams,4,Athletic Club,59236548.0,-85110.67,-0.14,59151437.328125,59236548.0,-148751.0,0.0,0.0,85110.671875,0.14,-85110.671875,False,False,True
Sørloth,4,Club Atlético de Madrid SAD,10429791.0,-88369.16,-0.85,10341421.84375,10429791.0,-73538.0,0.0,0.0,88369.15625,0.85,-88369.15625,False,False,True
Agirrezabala,1,Valencia Club de Fútbol SAD,3360297.0,-88711.65,-2.64,3271585.3515625,3360297.0,-89549.0,0.0,0.0,88711.6484375,2.64,-88711.6484375,False,False,True
Tsygankov,4,Girona Fútbol Club SAD,6641010.0,-95059.7,-1.43,6545950.296875,6641010.0,-101184.0,0.0,0.0,95059.703125,1.43,-95059.703125,False,False,True
Carmona,2,Sevilla Fútbol Club SAD,4307965.0,-96714.555,-2.25,4211250.4453125,4307965.0,-97949.0,0.0,0.0,96714.5546875,2.25,-96714.5546875,False,False,True
Unai Simón,1,Athletic Club,9535598.0,-100541.484,-1.05,9435056.515625,9535598.0,-90615.0,0.0,0.0,100541.484375,1.05,-100541.484375,False,False,True
Isi,4,Rayo Vallecano de Madrid SAD,10358386.0,-112476.61,-1.09,10245909.390625,10358386.0,-127184.0,0.0,0.0,112476.609375,1.09,-112476.609375,False,False,True
Renato Veiga,2,Villarreal Club de Fútbol SAD,10318686.0,-113646.28,-1.1,10205039.71875,10318686.0,-112975.0,0.0,0.0,113646.28125,1.1,-113646.28125,False,False,True
Mouriño,2,Villarreal Club de Fútbol SAD,7110283.0,-123055.91,-1.73,6987227.09375,7110283.0,-116974.0,0.0,0.0,123055.90625,1.73,-123055.90625,False,False,True
Koke,3,Club Atlético de Madrid SAD,19642347.0,-136083.05,-0.69,19506263.953125,19642347.0,-109837.0,0.0,0.0,136083.046875,0.69,-136083.046875,False,False,True
Bellerín,2,Real Betis Balompié SAD,5298397.0,-146215.19,-2.76,5152181.8125,5298397.0,-143734.0,0.0,0.0,146215.1875,2.76,-146215.1875,False,False,True
Rafa Marín,2,Villarreal Club de Fútbol SAD,9710187.0,-150756.81,-1.55,9559430.1875,9710187.0,-157144.0,0.0,0.0,150756.8125,1.55,-150756.8125,False,False,True
A. Batalla,1,Rayo Vallecano de Madrid SAD,8971001.0,-159989.83,-1.78,8811011.171875,8971001.0,-152123.0,0.0,0.0,159989.828125,1.78,-159989.828125,False,False,True
Dmitrovic,1,RCD Espanyol de Barcelona,10180866.0,-160878.33,-1.58,10019987.671875,10180866.0,-138590.0,0.0,0.0,160878.328125,1.58,-160878.328125,False,False,True
Isco,3,Real Betis Balompié SAD,11341343.0,-161518.7,-1.42,11179824.296875,11341343.0,-227560.0,0.0,0.0,161518.703125,1.42,-161518.703125,False,False,True
Tenaglia,2,Deportivo Alavés SAD,11290827.0,-162849.8,-1.44,11127977.203125,11290827.0,-166052.0,0.0,0.0,162849.796875,1.44,-162849.796875,False,False,True
Jauregizar,3,Athletic Club,24025882.0,-170119.56,-0.71,23855762.4375,24025882.0,-108393.0,0.0,0.0,170119.5625,0.71,-170119.5625,False,False,True
Griezmann,4,Club Atlético de Madrid SAD,13593011.0,-174962.27,-1.29,13418048.734375,13593011.0,-185895.0,0.0,0.0,174962.265625,1.29,-174962.265625,False,False,True
Rafa Mir,4,Elche Club de Fútbol SAD,7019712.0,-181214.64,-2.58,6838497.359375,7019712.0,-187449.0,0.0,0.0,181214.640625,2.58,-181214.640625,False,False,True
Foyth,2,Villarreal Club de Fútbol SAD,7058082.0,-200425.11,-2.84,6857656.890625,7058082.0,-194579.0,0.0,0.0,200425.109375,2.84,-200425.109375,False,False,True
Courtois,1,Real Madrid Club de Fútbol,50961167.0,-213243.45,-0.42,50747923.546875,50961167.0,-147211.0,0.0,0.0,213243.453125,0.42,-213243.453125,False,False,True
Vivian,2,Athletic Club,9605593.0,-221186.73,-2.3,9384406.265625,9605593.0,-223227.0,0.0,0.0,221186.734375,2.3,-221186.734375,False,False,True
Antony,4,Real Betis Balompié SAD,103847643.0,-256904.17,-0.25,103590738.828125,103847643.0,-341692.0,0.0,0.0,256904.171875,0.25,-256904.171875,False,False,True
Chavarría,2,Rayo Vallecano de Madrid SAD,12346185.0,-264989.03,-2.15,12081195.96875,12346185.0,-269423.0,0.0,0.0,264989.03125,2.15,-264989.03125,False,False,True
Berenguer,4,Athletic Club,18312036.0,-284640.12,-1.55,18027395.875,18312036.0,-288751.0,0.0,0.0,284640.125,1.55,-284640.125,False,False,True
Mbappé,4,Real Madrid Club de Fútbol,154347841.0,-290989.2,-0.19,154056851.8125,154347841.0,-370938.0,0.0,0.0,290989.1875,0.19,-290989.1875,False,False,True
Pere Milla,4,RCD Espanyol de Barcelona,16738248.0,-304358.94,-1.82,16433889.0625,16738248.0,-302497.0,0.0,0.0,304358.9375,1.82,-304358.9375,False,False,True
Bartra,2,Real Betis Balompié SAD,42017130.0,-304931.8,-0.73,41712198.1875,42017130.0,-273391.0,0.0,0.0,304931.8125,0.73,-304931.8125,False,False,True
Natan,2,Real Betis Balompié SAD,39188290.0,-326692.97,-0.83,38861597.03125,39188290.0,-397648.0,0.0,0.0,326692.96875,0.83,-326692.96875,False,False,True
Affengruber,2,Elche Club de Fútbol SAD,14203588.0,-334678.16,-2.36,13868909.84375,14203588.0,-338298.0,0.0,0.0,334678.15625,2.36,-334678.15625,False,False,True
Gerard Martín,2,Fútbol Club Barcelona,18320447.0,-367509.06,-2.01,17952937.9375,18320447.0,-372533.0,0.0,0.0,367509.0625,2.01,-367509.0625,False,False,True
Etta Eyong,4,Levante Unión Deportiva SAD,22779033.0,-383612.84,-1.68,22395420.15625,22779033.0,-387554.0,0.0,0.0,383612.84375,1.68,-383612.84375,False,False,True
Álex Baena,3,Club Atlético de Madrid SAD,56193846.0,-406079.06,-0.72,55787766.9375,56193846.0,-341355.0,0.0,0.0,406079.0625,0.72,-406079.0625,False,False,True
Giuliano,4,Club Atlético de Madrid SAD,52934707.0,-420565.0,-0.79,52514142.0,52934707.0,-340763.0,0.0,0.0,420565.0,0.79,-420565.0,False,False,True
Lejeune,2,Rayo Vallecano de Madrid SAD,40497535.0,-447374.03,-1.1,40050160.96875,40497535.0,-281897.0,0.0,0.0,447374.03125,1.1,-447374.03125,False,False,True
Comesaña,3,Villarreal Club de Fútbol SAD,22698545.0,-458348.28,-2.02,22240196.71875,22698545.0,-474685.0,0.0,0.0,458348.28125,2.02,-458348.28125,False,False,True
Cucho,4,Real Betis Balompié SAD,59684466.0,-585972.56,-0.98,59098493.4375,59684466.0,-659873.0,0.0,0.0,585972.5625,0.98,-585972.5625,False,False,True
Brais Méndez,3,Real Sociedad de Fútbol SAD,31063492.0,-603304.9,-1.94,30460187.125,31063492.0,-602960.0,0.0,0.0,603304.875,1.94,-603304.875,False,False,True
Barrenetxea,3,Real Sociedad de Fútbol SAD,27192829.0,-722410.4,-2.66,26470418.625,27192829.0,-718911.0,0.0,0.0,722410.375,2.66,-722410.375,False,False,True
Rodrygo,4,Real Madrid Club de Fútbol,50402580.0,-1386706.4,-2.75,49015873.625,50402580.0,-1268650.0,0.0,0.0,1386706.375,2.75,-1386706.375,False,False,True
Pedri,3,Fútbol Club Barcelona,113265048.0,-1596161.4,-1.41,111668886.625,113265048.0,-1551112.0,0.0,0.0,1596161.375,1.41,-1596161.375,False,False,True
Raphinha,4,Fútbol Club Barcelona,146359211.0,-1645978.9,-1.12,144713232.125,146359211.0,-1928399.0,0.0,0.0,1645978.875,1.12,-1645978.875,False,False,True
Barrios,3,Club Atlético de Madrid SAD,65014218.0,-1680769.6,-2.59,63333448.375,65014218.0,-1706442.0,0.0,0.0,1680769.625,2.59,-1680769.625,False,False,True
Bellingham,3,Real Madrid Club de Fútbol,101868713.0,-2377685.5,-2.33,99491027.5,101868713.0,-2586603.0,0.0,0.0,2377685.5,2.33,-2377685.5,False,False,True
